instance_file,n_items,capacity,total_weight,total_value,feasible,inference_time_ms,selected_items
instance_0000.npz,134,797,797,1009,1,3.954699990572408,"[6, 8, 15, 17, 26, 34, 56, 69, 74, 79, 80, 97, 99, 106, 119]"
instance_0001.npz,189,620,620,793,1,4.106399981537834,"[28, 35, 49, 55, 66, 68, 77, 85, 135, 142, 156]"
instance_0002.npz,170,574,574,719,1,3.410100005567074,"[1, 2, 38, 39, 61, 62, 72, 86, 96, 98, 111, 114, 132]"
instance_0003.npz,116,233,233,296,1,0.7068999984767288,"[29, 50, 89, 104, 106]"
instance_0004.npz,99,779,779,963,1,2.859800006262958,"[5, 6, 8, 16, 17, 22, 32, 34, 39, 41, 47, 49, 51, 67, 69, 84, 93]"
instance_0005.npz,97,688,688,850,1,2.5028999953065068,"[10, 11, 14, 23, 45, 47, 48, 49, 60, 61, 68, 83, 91]"
instance_0006.npz,159,535,535,680,1,2.618300000904128,"[9, 11, 38, 53, 75, 87, 108, 126, 128, 139]"
instance_0007.npz,193,210,210,270,1,0.9530000097583979,"[31, 45, 59, 89, 143]"
instance_0008.npz,93,536,536,672,1,1.6993999888654798,"[7, 11, 12, 15, 21, 45, 58, 59, 75, 77, 78]"
instance_0009.npz,126,465,465,591,1,1.787600020179525,"[20, 28, 30, 43, 60, 63, 87, 104]"
instance_0010.npz,169,628,628,800,1,3.660399990621954,"[39, 61, 65, 80, 85, 108, 134, 142, 151]"
instance_0011.npz,199,450,450,575,1,2.809900004649535,"[6, 86, 109, 141, 149, 151, 155]"
instance_0012.npz,167,675,675,858,1,4.095999989658594,"[17, 30, 62, 63, 68, 93, 114, 122, 130, 141, 150, 164]"
instance_0013.npz,133,374,374,475,1,1.5134999994188547,"[6, 9, 20, 26, 29, 56, 58, 84, 95]"
instance_0014.npz,129,248,248,318,1,0.8308000105898827,"[20, 48, 65, 71]"
instance_0015.npz,106,383,383,489,1,1.1864000116474926,"[2, 10, 11, 48, 61, 80, 82, 88, 96]"
instance_0016.npz,162,327,327,420,1,1.4398000203073025,"[11, 39, 41, 45, 81, 149]"
instance_0017.npz,108,312,312,389,1,0.9171999990940094,"[10, 36, 38, 72, 80, 81, 100]"
instance_0018.npz,101,712,712,883,1,2.5775999820325524,"[6, 12, 36, 48, 59, 66, 72, 73, 82, 88, 89, 93, 96]"
instance_0019.npz,116,387,386,488,1,1.3221999979577959,"[8, 25, 30, 34, 49, 58, 65, 112]"
instance_0020.npz,170,342,342,437,1,1.5739000227767974,"[13, 72, 97, 102]"
instance_0021.npz,95,407,407,511,1,1.1786000104621053,"[14, 19, 34, 42, 50, 78, 84, 93]"
instance_0022.npz,144,575,575,730,1,2.7289999998174608,"[0, 9, 11, 48, 50, 69, 79, 96, 107, 108, 124, 126]"
instance_0023.npz,87,329,329,416,1,0.7896999886725098,"[7, 11, 17, 25, 63]"
instance_0024.npz,80,423,423,538,1,1.0375999845564365,"[16, 25, 28, 48, 67, 69, 74, 79]"
instance_0025.npz,141,376,376,477,1,1.5017999976407737,"[20, 22, 26, 29, 32, 35, 37, 105, 113]"
instance_0026.npz,159,649,649,828,1,3.6896000092383474,"[33, 38, 45, 65, 66, 70, 94, 128, 129, 139, 142, 145]"
instance_0027.npz,156,339,339,434,1,1.4865999983157963,"[38, 52, 68, 94]"
instance_0028.npz,159,658,658,840,1,3.8004000089131296,"[2, 29, 32, 34, 53, 62, 87, 88, 97, 102, 104, 109]"
instance_0029.npz,182,708,708,897,1,4.565200011711568,"[0, 12, 34, 39, 51, 59, 61, 62, 68, 71, 84, 123, 137, 161, 164]"
instance_0030.npz,196,520,520,661,1,3.3933999948203564,"[3, 18, 37, 105, 138, 154, 172, 188]"
instance_0031.npz,172,255,255,326,1,1.0682000138331205,"[58, 91, 136]"
instance_0032.npz,162,276,276,354,1,1.1214000114705414,"[102, 109, 116]"
instance_0033.npz,117,505,505,644,1,1.9551999866962433,"[5, 6, 13, 36, 37, 39, 42, 69, 78]"
instance_0034.npz,195,667,667,843,1,4.337599995778874,"[2, 4, 10, 44, 49, 53, 109, 116, 118, 127, 144]"
instance_0035.npz,138,237,237,302,1,0.8554999949410558,"[6, 14, 28, 40, 48, 59, 61]"
instance_0036.npz,157,417,417,524,1,1.9521999929565936,"[3, 12, 24, 54, 81, 91, 95, 113, 125, 145]"
instance_0037.npz,91,208,208,264,1,0.45849999878555536,"[31, 33, 83, 85]"
instance_0038.npz,106,509,509,641,1,1.6667000018060207,"[1, 11, 31, 33, 44, 58, 71, 84, 90]"
instance_0039.npz,116,629,629,799,1,2.5345999747514725,"[1, 4, 7, 46, 51, 65, 67, 70, 89, 114, 115]"
instance_0040.npz,113,445,445,566,1,1.868599996669218,"[2, 16, 17, 19, 33, 61, 83, 94]"
instance_0041.npz,113,219,219,282,1,0.5850000015925616,"[16, 54, 71, 77]"
instance_0042.npz,118,631,631,787,1,2.6108000020030886,"[3, 12, 20, 21, 40, 46, 50, 74, 82, 84, 89, 91, 99]"
instance_0043.npz,127,298,298,380,1,1.0307999909855425,"[2, 27, 31, 32, 34, 35, 67]"
instance_0044.npz,113,494,494,629,1,1.7647999920882285,"[0, 7, 11, 20, 24, 44, 46, 65]"
instance_0045.npz,148,260,260,333,1,0.9400999988429248,"[34, 56, 72, 77, 89, 108, 137]"
instance_0046.npz,178,615,615,784,1,3.63729998935014,"[22, 58, 74, 77, 109, 111, 116, 137, 152, 167, 175]"
instance_0047.npz,112,555,555,703,1,2.3022000095807016,"[17, 29, 40, 55, 71, 75, 78, 91, 101, 104, 106]"
instance_0048.npz,190,597,597,763,1,3.8309999799821526,"[10, 44, 101, 120, 128, 136, 154, 173, 183]"
instance_0049.npz,150,601,601,754,1,3.14250000519678,"[12, 16, 28, 33, 34, 46, 58, 70, 108, 114, 130, 143]"
instance_0050.npz,170,776,776,974,1,4.658000019844621,"[11, 29, 54, 55, 61, 62, 74, 76, 83, 89, 91, 98, 109, 115, 131, 138]"
instance_0051.npz,94,761,761,941,1,2.740599971730262,"[0, 1, 6, 25, 29, 32, 35, 39, 41, 42, 45, 46, 47, 53, 56, 72]"
instance_0052.npz,139,235,235,301,1,0.7965000113472342,"[61, 76, 93, 100, 103]"
instance_0053.npz,171,563,563,713,1,3.353399981278926,"[0, 14, 23, 48, 49, 73, 74, 81, 97, 99, 110, 133, 162]"
instance_0054.npz,143,527,527,668,1,2.421900018816814,"[1, 29, 42, 44, 50, 79, 97, 101, 111, 121, 127]"
instance_0055.npz,173,318,318,406,1,1.524699997389689,"[11, 35, 47, 61, 75, 117]"
instance_0056.npz,136,604,604,769,1,2.818899985868484,"[7, 18, 31, 46, 59, 71, 72, 77, 95, 114, 116]"
instance_0057.npz,198,509,509,652,1,3.3650000113993883,"[1, 12, 18, 41, 54, 88, 108, 144]"
instance_0058.npz,164,732,732,937,1,4.392200004076585,"[7, 8, 24, 27, 35, 61, 85, 96, 107, 144, 163]"
instance_0059.npz,129,611,611,769,1,2.6514999917708337,"[10, 21, 26, 29, 44, 46, 67, 69, 70, 73, 112, 117]"
instance_0060.npz,123,637,637,789,1,2.6673999964259565,"[9, 21, 23, 26, 41, 45, 62, 68, 74, 97, 106, 108, 109, 114, 121]"
instance_0061.npz,167,467,467,589,1,2.585100010037422,"[8, 14, 77, 109, 122, 146, 157]"
instance_0062.npz,136,510,510,652,1,2.4575999996159226,"[2, 10, 19, 21, 28, 45, 58, 100, 105, 124]"
instance_0063.npz,146,284,284,363,1,1.111799996579066,"[16, 19, 22, 71, 86, 96]"
instance_0064.npz,116,232,232,297,1,0.6553999846801162,"[5, 32, 112]"
instance_0065.npz,97,277,277,345,1,0.6902000168338418,"[4, 5, 24, 53, 61]"
instance_0066.npz,190,583,583,738,1,3.660399990621954,"[5, 20, 26, 44, 72, 81, 127, 142, 175]"
instance_0067.npz,81,694,694,868,1,2.0825999963562936,"[3, 13, 15, 18, 22, 27, 32, 36, 38, 39, 48, 68, 75, 76]"
instance_0068.npz,86,335,335,425,1,0.8476000220980495,"[3, 8, 16, 21, 43, 46, 73, 84]"
instance_0069.npz,125,395,395,502,1,1.5756000066176057,"[6, 12, 24, 40, 47, 55, 62, 68, 91, 119]"
instance_0070.npz,183,557,557,710,1,4.077199992025271,"[0, 7, 22, 38, 49, 70, 131, 177]"
instance_0071.npz,97,739,739,921,1,2.6452000020071864,"[14, 18, 22, 47, 48, 67, 74, 84, 86, 90, 91, 94]"
instance_0072.npz,164,571,571,717,1,3.0636999872513115,"[22, 52, 53, 60, 61, 71, 72, 80, 104, 149, 156]"
instance_0073.npz,146,574,574,725,1,2.6948000013362616,"[1, 14, 20, 30, 67, 71, 85, 93, 127, 138]"
instance_0074.npz,85,229,229,291,1,0.5038999952375889,"[0, 22, 28, 49, 54]"
instance_0075.npz,88,692,692,878,1,2.347800007555634,"[15, 16, 23, 24, 62, 69, 70, 72, 73, 83, 87]"
instance_0076.npz,180,405,405,518,1,2.1124999911990017,"[5, 8, 24, 59, 69, 79, 167]"
instance_0077.npz,102,324,324,412,1,0.90819998877123,"[12, 20, 36, 49, 85, 95]"
instance_0078.npz,117,551,551,695,1,2.2290999768301845,"[21, 39, 65, 69, 74, 76, 88, 93, 99]"
instance_0079.npz,103,210,210,269,1,0.5836000200361013,"[52, 80, 85, 88]"
instance_0080.npz,92,349,349,439,1,0.9961000178009272,"[16, 58, 61, 63, 84]"
instance_0081.npz,80,707,707,876,1,2.175600006012246,"[4, 9, 12, 20, 29, 39, 46, 52, 53, 54, 56, 57, 59, 68]"
instance_0082.npz,191,472,472,605,1,3.2524999987799674,"[62, 70, 132, 146, 149, 151, 160, 174]"
instance_0083.npz,85,532,532,673,1,1.552900008391589,"[8, 13, 15, 17, 23, 27, 29, 36, 48, 69, 81]"
instance_0084.npz,173,412,412,530,1,2.2373000101651996,"[40, 45, 83, 95, 127, 172]"
instance_0085.npz,137,798,798,1007,1,3.8382000057026744,"[4, 8, 20, 21, 36, 41, 47, 53, 58, 82, 83, 95, 104, 111, 123, 135]"
instance_0086.npz,151,465,465,581,1,2.1866000024601817,"[25, 36, 40, 54, 78, 101, 117, 136]"
instance_0087.npz,198,451,451,576,1,2.969399996800348,"[1, 64, 93, 99, 100, 139, 167, 179]"
instance_0088.npz,107,434,434,542,1,1.5290000010281801,"[31, 34, 57, 62, 65, 67, 72, 73, 75]"
instance_0089.npz,169,475,475,602,1,2.528599987272173,"[3, 26, 52, 74, 83, 106, 149, 162]"
instance_0090.npz,92,365,365,462,1,0.981999997748062,"[7, 13, 14, 18, 28, 59, 61, 86]"
instance_0091.npz,98,325,325,414,1,0.8879000088199973,"[3, 62, 69, 77, 94]"
instance_0092.npz,190,800,800,1017,1,5.696100008208305,"[1, 21, 29, 41, 65, 95, 111, 113, 122, 133, 136, 140, 144, 146, 149, 154, 173, 184]"
instance_0093.npz,138,673,673,854,1,3.611600026488304,"[6, 17, 18, 34, 37, 66, 70, 79, 84, 128, 137]"
instance_0094.npz,181,754,754,951,1,4.644100001314655,"[6, 18, 29, 32, 39, 50, 57, 80, 111, 116, 120, 136, 155, 161]"
instance_0095.npz,107,732,732,917,1,2.804199990350753,"[5, 20, 28, 34, 38, 41, 46, 53, 54, 55, 64, 66, 95, 105]"
instance_0096.npz,86,200,200,255,1,0.42860000394284725,"[5, 13, 31, 64]"
instance_0097.npz,141,440,440,566,1,1.8771000031847507,"[4, 23, 31, 33, 65, 71, 140]"
instance_0098.npz,130,646,646,801,1,3.1786999898031354,"[17, 31, 33, 42, 49, 66, 73, 102, 108, 118, 120, 121, 123]"
instance_0099.npz,85,576,576,726,1,1.6231999907176942,"[6, 28, 47, 54, 56, 65, 71, 75]"
instance_0100.npz,85,325,325,400,1,0.7723000016994774,"[9, 10, 12, 16, 30, 66]"
instance_0101.npz,161,688,688,878,1,3.771699994103983,"[7, 19, 29, 41, 42, 46, 82, 84, 90, 116, 133, 142, 152]"
instance_0102.npz,85,477,477,590,1,1.2801999982912093,"[1, 4, 7, 12, 19, 31, 41, 62, 66]"
instance_0103.npz,120,551,551,695,1,2.3833000159356743,"[16, 19, 38, 49, 53, 67, 82, 86, 91, 108, 112]"
instance_0104.npz,104,553,553,687,1,2.0892999891657382,"[2, 26, 33, 40, 54, 56, 80, 82, 91, 96]"
instance_0105.npz,173,574,574,731,1,3.7269999738782644,"[39, 46, 53, 95, 119, 129, 130, 135, 138, 150]"
instance_0106.npz,185,447,447,569,1,2.536400017561391,"[26, 51, 65, 85, 97, 104, 148, 163]"
instance_0107.npz,183,619,619,785,1,3.6336999910417944,"[12, 15, 19, 33, 41, 43, 68, 102, 107, 137, 151, 175]"
instance_0108.npz,186,665,665,847,1,4.058399994391948,"[41, 43, 48, 75, 94, 114, 115, 134, 159, 167]"
instance_0109.npz,177,243,243,311,1,1.3982999953441322,"[23, 28, 84, 96, 112]"
instance_0110.npz,159,420,420,535,1,2.0938999950885773,"[16, 20, 26, 43, 44, 48, 100, 106]"
instance_0111.npz,84,434,434,555,1,1.121900015277788,"[7, 9, 12, 19, 43, 45, 61, 77]"
instance_0112.npz,145,230,230,294,1,0.8840000082273036,"[20, 26, 70, 87, 141]"
instance_0113.npz,187,461,461,591,1,2.659799996763468,"[9, 19, 20, 21, 56, 87, 116, 147, 150, 151]"
instance_0114.npz,110,242,242,310,1,0.6518999871332198,"[2, 4, 66, 71, 106, 109]"
instance_0115.npz,146,404,404,514,1,1.747400005115196,"[3, 21, 80, 99, 117, 119]"
instance_0116.npz,195,521,521,663,1,3.468900016741827,"[23, 39, 67, 102, 107, 110, 139, 153, 193]"
instance_0117.npz,129,416,416,530,1,1.670800003921613,"[33, 34, 37, 59, 94, 109, 111, 113]"
instance_0118.npz,112,268,268,343,1,0.7802000036463141,"[29, 73, 79, 84, 102, 106]"
instance_0119.npz,107,565,565,713,1,2.047999994829297,"[14, 29, 31, 48, 54, 84, 87, 88, 89, 102, 104]"
instance_0120.npz,191,694,694,881,1,4.4775000133086,"[15, 17, 18, 27, 28, 50, 52, 57, 66, 71, 106, 127, 149, 179]"
instance_0121.npz,162,684,684,861,1,3.946499986341223,"[3, 30, 58, 62, 77, 89, 91, 97, 107, 112, 140, 148]"
instance_0122.npz,129,287,287,362,1,1.0365000052843243,"[36, 53, 62, 69, 78, 106]"
instance_0123.npz,117,366,366,469,1,1.4107000024523586,"[1, 55, 60, 71, 77, 96]"
instance_0124.npz,100,526,526,656,1,1.740600011544302,"[3, 9, 14, 16, 22, 34, 41, 48, 60, 69, 82, 91]"
instance_0125.npz,188,250,250,320,1,1.2052000092808157,"[44, 105, 113, 120, 143, 158]"
instance_0126.npz,194,266,266,341,1,1.338200003374368,"[21, 62, 98, 102]"
instance_0127.npz,139,290,290,371,1,1.0901000059675425,"[8, 17, 31, 44, 66, 94]"
instance_0128.npz,91,669,669,829,1,2.188500016927719,"[4, 21, 39, 47, 52, 55, 58, 60, 65, 66, 71, 80, 88, 90]"
instance_0129.npz,120,321,321,410,1,1.078999979654327,"[17, 39, 55, 86, 87, 89]"
instance_0130.npz,153,340,340,432,1,2.0034000044688582,"[5, 28, 43, 51, 55, 76, 127]"
instance_0131.npz,95,298,298,375,1,0.7589000160805881,"[0, 3, 4, 17, 46, 58, 61, 87]"
instance_0132.npz,111,459,459,581,1,1.5550999960396439,"[28, 33, 49, 52, 67, 71, 88, 105, 108]"
instance_0133.npz,192,215,215,275,1,0.9579999896232039,"[22, 46, 48, 100, 103]"
instance_0134.npz,123,691,691,880,1,3.4241000248584896,"[2, 10, 12, 24, 37, 51, 61, 85, 98, 114, 115]"
instance_0135.npz,110,650,650,816,1,2.3680999875068665,"[16, 22, 36, 66, 70, 72, 84, 89, 106]"
instance_0136.npz,194,731,731,933,1,5.379900016123429,"[2, 18, 21, 28, 59, 70, 75, 90, 114, 121, 124, 139, 178, 179, 185]"
instance_0137.npz,96,317,317,404,1,0.904799991985783,"[16, 18, 42, 48, 51, 80]"
instance_0138.npz,194,691,691,882,1,5.1361000223550946,"[25, 26, 37, 45, 95, 98, 105, 109, 130, 166, 175, 181, 190]"
instance_0139.npz,187,220,220,281,1,1.0194999922532588,"[4, 7, 41, 140, 167]"
instance_0140.npz,97,653,653,810,1,2.317700011190027,"[3, 4, 12, 18, 39, 61, 62, 73, 75, 81, 88]"
instance_0141.npz,156,677,677,855,1,4.24330000532791,"[6, 22, 24, 25, 27, 45, 47, 48, 51, 53, 56, 88]"
instance_0142.npz,80,755,755,938,1,2.460199990309775,"[4, 10, 12, 14, 18, 20, 26, 38, 48, 55, 57, 58, 61, 70, 73, 78]"
instance_0143.npz,150,366,366,465,1,1.633200008654967,"[22, 44, 48, 60, 108, 125]"
instance_0144.npz,82,612,612,764,1,1.6957999905571342,"[2, 5, 13, 18, 21, 26, 27, 28, 32, 33, 34, 39, 71, 77]"
instance_0145.npz,158,750,750,955,1,4.462300013983622,"[3, 11, 12, 29, 32, 74, 82, 97, 103, 117, 131]"
instance_0146.npz,189,252,252,324,1,1.222899998538196,"[0, 16, 20, 27, 53, 77]"
instance_0147.npz,91,331,331,419,1,0.9356999944429845,"[0, 12, 19, 21, 40, 49, 56, 57]"
instance_0148.npz,166,512,512,657,1,2.861099987057969,"[29, 41, 46, 49, 55, 104, 121]"
instance_0149.npz,104,697,697,872,1,2.5969000125769526,"[8, 10, 16, 19, 37, 47, 52, 55, 57, 60, 66, 80, 99, 100]"
instance_0150.npz,194,261,261,334,1,1.2315000058151782,"[12, 54, 59, 68, 73, 96]"
instance_0151.npz,153,237,237,303,1,0.9815999947022647,"[39, 75, 81, 89]"
instance_0152.npz,128,244,244,310,1,0.7744999893475324,"[59, 61, 74, 123]"
instance_0153.npz,142,751,751,941,1,3.743900015251711,"[4, 7, 16, 30, 43, 51, 56, 64, 66, 73, 96, 102, 119]"
instance_0154.npz,118,755,755,956,1,3.891600004862994,"[0, 17, 26, 36, 38, 42, 67, 73, 95, 101, 111, 113]"
instance_0155.npz,88,586,586,733,1,1.9011000113096088,"[5, 9, 11, 12, 14, 15, 26, 30, 42, 53, 56]"
instance_0156.npz,138,583,583,737,1,2.806999982567504,"[4, 5, 14, 17, 45, 47, 61, 62, 79, 106, 113]"
instance_0157.npz,122,624,624,793,1,2.674500021385029,"[12, 17, 20, 43, 48, 70, 81, 98, 119]"
instance_0158.npz,140,522,522,662,1,2.532599988626316,"[29, 32, 58, 86, 89, 123, 128, 135, 137]"
instance_0159.npz,92,644,644,816,1,2.2416000138036907,"[3, 6, 16, 17, 19, 20, 28, 29, 40, 60, 83]"
instance_0160.npz,185,486,486,618,1,2.98099999781698,"[15, 48, 72, 86, 126, 147, 166]"
instance_0161.npz,159,250,250,320,1,1.0581999958958477,"[16, 39, 48, 51, 74, 98, 117, 146]"
instance_0162.npz,126,511,511,649,1,2.03719999990426,"[0, 1, 13, 15, 34, 37, 62, 100, 116]"
instance_0163.npz,165,364,364,458,1,1.8057000124827027,"[32, 56, 61, 76, 110, 121, 137]"
instance_0164.npz,139,276,276,354,1,1.0045999952126294,"[24, 42, 53, 96, 128, 130]"
instance_0165.npz,166,432,432,552,1,2.3452000168617815,"[19, 25, 26, 62, 82, 155]"
instance_0166.npz,80,221,221,281,1,0.44949998846277595,"[2, 9, 11, 35, 72]"
instance_0167.npz,119,593,593,756,1,2.518599998438731,"[13, 18, 20, 22, 23, 27, 40, 42, 47, 63, 99]"
instance_0168.npz,114,249,249,318,1,0.7429999823216349,"[0, 42, 66, 91]"
instance_0169.npz,96,725,725,907,1,2.478999987943098,"[1, 8, 14, 16, 17, 20, 23, 24, 25, 31, 37, 43, 46, 53, 54, 62]"
instance_0170.npz,183,719,719,903,1,4.661500017391518,"[36, 40, 53, 57, 62, 67, 86, 102, 109, 147, 155, 161, 178]"
instance_0171.npz,135,427,427,544,1,1.8675000173971057,"[1, 11, 19, 21, 23, 34, 56, 80, 85, 117, 127]"
instance_0172.npz,190,211,211,271,1,0.9345999860670418,"[35, 38, 62, 107, 141]"
instance_0173.npz,122,575,575,715,1,2.4136000138241798,"[5, 29, 34, 43, 44, 46, 49, 55, 60, 70, 86, 87, 98]"
instance_0174.npz,158,477,477,608,1,2.2841999889351428,"[13, 27, 63, 66, 71, 80, 84, 92, 106]"
instance_0175.npz,115,696,696,858,1,2.860199980204925,"[15, 27, 43, 52, 59, 69, 74, 76, 83, 91, 98, 101, 105]"
instance_0176.npz,151,375,375,480,1,1.656000007642433,"[2, 11, 37, 38, 61, 73, 133]"
instance_0177.npz,132,360,360,457,1,1.3061999925412238,"[1, 4, 34, 44, 64, 79, 81]"
instance_0178.npz,197,608,608,770,1,4.542500013485551,"[4, 17, 21, 37, 52, 56, 71, 75, 98, 100]"
instance_0179.npz,103,607,607,767,1,2.220800000941381,"[18, 28, 33, 34, 48, 57, 66, 72, 88, 89]"
instance_0180.npz,146,250,250,320,1,0.9646999824326485,"[30, 51, 133, 139]"
instance_0181.npz,102,461,461,579,1,1.480600010836497,"[27, 30, 33, 49, 66, 67, 68, 69, 78]"
instance_0182.npz,103,568,568,728,1,1.9517000182531774,"[30, 41, 49, 52, 70, 72, 78, 85, 92, 102]"
instance_0183.npz,175,572,572,724,1,3.3250999986194074,"[1, 2, 15, 26, 53, 87, 88, 119, 120]"
instance_0184.npz,163,415,415,530,1,2.3464999976567924,"[4, 15, 26, 48, 96, 98]"
instance_0185.npz,119,307,306,391,1,0.9578000172041357,"[3, 17, 39, 108, 111]"
instance_0186.npz,200,799,799,1012,1,5.493400007253513,"[8, 10, 32, 33, 36, 43, 47, 53, 70, 74, 80, 82, 130, 138, 139]"
instance_0187.npz,107,386,386,494,1,1.185900007840246,"[4, 5, 16, 27, 49, 94, 104]"
instance_0188.npz,132,276,276,348,1,0.9509999945294112,"[7, 10, 25, 32, 60, 63, 73, 102]"
instance_0189.npz,132,586,586,743,1,2.751899999566376,"[22, 25, 26, 31, 41, 75, 80, 83, 95, 103, 115]"
instance_0190.npz,183,504,504,641,1,3.120600013062358,"[0, 14, 25, 35, 76, 83, 105, 108, 139]"
instance_0191.npz,179,251,251,322,1,1.1787999828811735,"[10, 36, 67, 106, 150]"
instance_0192.npz,83,498,498,622,1,1.4494000060949475,"[13, 17, 18, 44, 54, 64, 69, 70, 75]"
instance_0193.npz,140,434,433,551,1,1.8111999961547554,"[5, 15, 43, 49, 75, 92, 112]"
instance_0194.npz,195,262,262,334,1,1.2551999825518578,"[49, 58, 77, 110, 131]"
instance_0195.npz,85,402,402,511,1,1.0111999872606248,"[2, 8, 18, 27, 78, 81]"
instance_0196.npz,88,367,367,459,1,0.9483999747317284,"[14, 21, 22, 38, 45, 52, 60, 83]"
instance_0197.npz,120,569,569,720,1,2.340800012461841,"[0, 9, 15, 41, 71, 80, 81, 101, 103, 112, 113]"
instance_0198.npz,125,777,777,987,1,3.3755000040400773,"[6, 11, 17, 21, 24, 33, 44, 55, 80, 104, 107, 121]"
instance_0199.npz,141,235,235,301,1,0.8474999922327697,"[1, 7, 9, 47, 55, 128]"
instance_0200.npz,119,262,262,335,1,0.77039998723194,"[21, 33, 46, 82, 99]"
instance_0201.npz,126,683,683,857,1,2.994200011016801,"[10, 37, 43, 47, 61, 70, 71, 81, 96, 101, 105, 111]"
instance_0202.npz,195,298,298,382,1,1.666599971940741,"[0, 39, 51, 95, 100, 106, 138, 187]"
instance_0203.npz,116,744,744,933,1,3.303400008007884,"[4, 6, 7, 17, 19, 25, 29, 50, 55, 59, 67, 89, 92, 93]"
instance_0204.npz,173,380,380,485,1,2.2529999841935933,"[11, 20, 31, 56, 77, 158]"
instance_0205.npz,152,523,523,669,1,2.4754999903962016,"[4, 14, 41, 43, 51, 63, 66, 83]"
instance_0206.npz,112,229,229,295,1,0.6605999951716512,"[9, 24, 44, 74, 83]"
instance_0207.npz,120,412,412,518,1,1.5449000056833029,"[3, 9, 48, 72, 83, 94, 96]"
instance_0208.npz,167,318,318,405,1,1.4024999982211739,"[17, 20, 79, 140, 142, 153, 164]"
instance_0209.npz,148,645,645,819,1,3.2299000013154,"[9, 14, 32, 41, 49, 55, 59, 62, 70, 111, 112]"
instance_0210.npz,128,477,477,606,1,2.2428999945987016,"[16, 36, 64, 74, 100, 101, 106, 123]"
instance_0211.npz,85,443,443,560,1,1.3193999766372144,"[1, 2, 3, 22, 60, 66, 73, 74]"
instance_0212.npz,179,757,757,956,1,5.098499997984618,"[8, 20, 23, 26, 31, 32, 41, 65, 82, 87, 137, 165, 178]"
instance_0213.npz,98,365,365,456,1,1.1067000159528106,"[2, 3, 25, 30, 42, 43, 45, 48, 54]"
instance_0214.npz,176,567,567,719,1,3.384399984497577,"[5, 9, 13, 25, 35, 71, 72, 96, 132, 145, 156]"
instance_0215.npz,98,252,252,322,1,0.6717999931424856,"[43, 45, 47, 53, 66, 92]"
instance_0216.npz,159,482,482,615,1,2.7212999993935227,"[13, 31, 62, 67, 86, 92, 98, 115, 132]"
instance_0217.npz,162,682,682,871,1,4.100799997104332,"[3, 64, 98, 106, 115, 118, 123, 133, 135, 139, 144]"
instance_0218.npz,164,304,304,390,1,1.3495000021066517,"[20, 28, 32, 46, 59, 111, 158]"
instance_0219.npz,94,284,284,363,1,0.7311000081244856,"[7, 10, 34, 38]"
instance_0220.npz,191,340,340,437,1,1.8210999842267483,"[18, 61, 67, 89, 136]"
instance_0221.npz,188,763,763,975,1,5.159399996045977,"[16, 27, 37, 46, 66, 82, 112, 121, 123, 130, 141, 163]"
instance_0222.npz,117,256,256,328,1,0.8052999910432845,"[11, 21, 30, 42, 52, 59]"
instance_0223.npz,159,551,551,690,1,3.0676000169478357,"[1, 15, 19, 20, 35, 82, 97, 111, 113, 116, 126]"
instance_0224.npz,139,263,263,335,1,1.0181000106967986,"[2, 107, 108, 126, 134]"
instance_0225.npz,105,720,720,884,1,2.6553999923635274,"[1, 5, 12, 13, 28, 29, 30, 37, 39, 71, 72, 84, 88]"
instance_0226.npz,165,438,438,554,1,2.239599998574704,"[8, 29, 58, 99, 103, 110, 133, 135, 154]"
instance_0227.npz,161,466,466,586,1,2.3477000067941844,"[6, 38, 48, 78, 98, 118, 122, 141, 151]"
instance_0228.npz,164,539,539,692,1,2.761999989161268,"[15, 22, 26, 28, 30, 56, 116, 161]"
instance_0229.npz,146,779,779,981,1,4.525700001977384,"[0, 2, 6, 30, 32, 33, 46, 47, 76, 83, 100, 131, 142, 144]"
instance_0230.npz,134,457,457,579,1,1.9076000025961548,"[26, 27, 31, 45, 47, 62, 92, 113]"
instance_0231.npz,139,792,792,997,1,3.749800001969561,"[2, 6, 7, 9, 39, 45, 53, 56, 60, 77, 83, 93, 108, 109, 112, 136]"
instance_0232.npz,82,660,660,822,1,2.0391999860294163,"[31, 36, 43, 62, 64, 65, 67, 77, 78, 79]"
instance_0233.npz,135,295,295,378,1,1.1044999992009252,"[2, 5, 10, 27, 37, 100, 115]"
instance_0234.npz,87,464,464,575,1,1.3587000139523298,"[7, 13, 18, 19, 42, 45, 49, 55, 59, 60, 64, 69, 70]"
instance_0235.npz,155,299,299,382,1,1.2320999812800437,"[6, 13, 41, 44, 50, 71]"
instance_0236.npz,95,788,788,988,1,2.6311999827157706,"[4, 9, 20, 21, 28, 35, 37, 39, 40, 45, 49, 52, 63, 90, 91]"
instance_0237.npz,154,419,419,532,1,2.0323000208009034,"[7, 17, 21, 33, 34, 72, 100, 103, 130, 146]"
instance_0238.npz,100,756,756,941,1,2.7562000032048672,"[2, 7, 8, 9, 10, 23, 26, 32, 34, 37, 49, 53, 55, 67, 87, 99]"
instance_0239.npz,193,585,585,741,1,3.621599986217916,"[19, 20, 44, 45, 46, 48, 73, 85, 117, 136, 146]"
instance_0240.npz,185,477,477,606,1,2.7206999948248267,"[11, 51, 65, 88, 110, 117, 120, 152, 170, 183]"
instance_0241.npz,114,767,767,955,1,3.144999995129183,"[4, 10, 12, 15, 18, 19, 31, 36, 37, 39, 53, 54, 75, 101]"
instance_0242.npz,81,505,505,637,1,1.3750999933108687,"[8, 13, 21, 40, 49, 55, 67, 68, 70]"
instance_0243.npz,97,208,208,262,1,0.5378000205382705,"[10, 11, 41, 59, 67, 85, 89]"
instance_0244.npz,129,452,452,576,1,1.8483999883756042,"[5, 17, 31, 43, 44, 69, 83]"
instance_0245.npz,130,777,777,969,1,3.7687000003643334,"[2, 10, 26, 27, 34, 35, 40, 50, 57, 72, 81, 82, 96, 101, 104, 107, 129]"
instance_0246.npz,84,479,479,608,1,1.3893000141251832,"[4, 22, 23, 25, 36, 54, 55, 64, 68, 71, 72, 74]"
instance_0247.npz,169,274,274,352,1,1.146999973570928,"[61, 107, 120, 133]"
instance_0248.npz,136,437,437,544,1,1.7591000068932772,"[0, 1, 12, 14, 50, 57, 60, 82, 108, 128]"
instance_0249.npz,162,690,690,880,1,3.6619000020436943,"[6, 15, 27, 29, 40, 46, 69, 73, 78, 83, 86, 87, 90, 110, 124, 133, 137]"
instance_0250.npz,103,259,259,330,1,0.7593000191263855,"[4, 58, 63, 82, 90, 92]"
instance_0251.npz,139,310,310,396,1,1.1930999753531069,"[28, 31, 33, 77, 97]"
instance_0252.npz,88,374,374,468,1,1.0000000183936208,"[18, 23, 32, 47, 57, 64, 77]"
instance_0253.npz,91,372,372,472,1,0.9929999941959977,"[12, 37, 61, 74, 80, 84]"
instance_0254.npz,146,682,682,863,1,3.3953999809455127,"[2, 25, 27, 32, 39, 50, 58, 60, 65, 66, 72, 80]"
instance_0255.npz,87,624,624,790,1,1.791399990906939,"[4, 10, 12, 13, 14, 29, 31, 35, 45, 52, 56]"
instance_0256.npz,87,714,714,908,1,2.1708000276703387,"[10, 12, 15, 22, 30, 40, 54, 61, 71, 81, 85]"
instance_0257.npz,100,301,301,380,1,0.8770999847911298,"[17, 42, 51, 60, 65, 68]"
instance_0258.npz,111,278,278,354,1,0.7936999900266528,"[23, 30, 33, 70]"
instance_0259.npz,170,231,231,297,1,0.9427000186406076,"[61, 83, 103, 104, 160]"
instance_0260.npz,111,704,704,869,1,2.8187999851070344,"[12, 31, 41, 43, 45, 46, 50, 52, 71, 74, 80, 81, 84, 86, 101]"
instance_0261.npz,163,746,746,942,1,4.338900005677715,"[9, 12, 29, 43, 77, 102, 112, 117, 134, 137, 138, 141, 152, 156, 159]"
instance_0262.npz,82,716,716,890,1,2.1895999961998314,"[12, 16, 22, 28, 30, 34, 37, 39, 40, 41, 62, 79, 80]"
instance_0263.npz,105,513,513,650,1,1.6380000161007047,"[3, 7, 9, 19, 39, 70, 77, 87]"
instance_0264.npz,163,482,482,613,1,2.429499989375472,"[38, 48, 71, 90, 93, 125, 127, 150, 153]"
instance_0265.npz,121,767,767,958,1,3.484999993816018,"[6, 16, 31, 44, 50, 53, 59, 77, 87, 98, 103, 104, 110, 117]"
instance_0266.npz,150,663,663,829,1,3.2282999891322106,"[1, 23, 26, 42, 78, 85, 87, 95, 96, 99, 108, 136]"
instance_0267.npz,146,638,638,808,1,2.999400021508336,"[5, 7, 13, 32, 45, 59, 80, 86, 87, 95, 101, 137, 143]"
instance_0268.npz,140,593,593,743,1,2.6215999969281256,"[5, 6, 15, 24, 28, 50, 65, 98, 103, 120, 139]"
instance_0269.npz,104,573,573,722,1,1.9324999884702265,"[8, 16, 27, 47, 56, 57, 62, 72, 92, 95]"
instance_0270.npz,82,744,744,918,1,2.286000002641231,"[15, 18, 20, 23, 25, 31, 34, 36, 48, 52, 57, 60, 65, 66, 68, 69, 75, 77]"
instance_0271.npz,187,482,482,615,1,2.9557999805547297,"[2, 21, 75, 113, 141, 146, 164, 168, 175]"
instance_0272.npz,167,461,461,584,1,2.3594999802298844,"[36, 51, 57, 76, 91, 93, 111, 143]"
instance_0273.npz,155,354,354,452,1,1.541699981316924,"[67, 80, 93, 99, 106, 109, 147]"
instance_0274.npz,142,764,764,951,1,3.6586000060196966,"[0, 1, 3, 8, 15, 37, 45, 55, 77, 89, 109, 126, 141]"
instance_0275.npz,160,297,297,379,1,1.260399993043393,"[20, 49, 50, 57, 98, 103]"
instance_0276.npz,83,544,544,683,1,1.5808000171091408,"[3, 10, 17, 20, 24, 26, 32, 36, 39, 44, 62, 77, 82]"
instance_0277.npz,106,571,571,723,1,2.1874000085517764,"[1, 3, 19, 38, 42, 48, 62, 63, 71, 87]"
instance_0278.npz,181,771,771,976,1,5.038100003730506,"[2, 10, 13, 20, 34, 40, 47, 55, 100, 128, 129, 132, 136, 158]"
instance_0279.npz,94,397,397,501,1,1.1514000070746988,"[0, 7, 13, 18, 22, 26, 41, 49, 50, 68, 73]"
instance_0280.npz,121,415,415,531,1,1.5534999838564545,"[3, 11, 23, 37, 66, 78, 110]"
instance_0281.npz,114,528,528,670,1,1.9100999925285578,"[3, 6, 12, 30, 38, 45, 47, 59, 60, 101, 104, 109]"
instance_0282.npz,111,781,781,996,1,3.1741999846417457,"[28, 30, 31, 32, 37, 43, 45, 48, 77, 82, 90, 102, 104]"
instance_0283.npz,175,443,443,567,1,2.4049000057857484,"[18, 29, 48, 84, 106, 110, 147]"
instance_0284.npz,121,227,227,291,1,0.6966999790165573,"[20, 31, 67, 83]"
instance_0285.npz,143,347,347,441,1,1.4079000102356076,"[4, 9, 32, 59, 63, 112, 120]"
instance_0286.npz,84,583,583,740,1,1.5854999946895987,"[5, 7, 12, 14, 16, 26, 28, 30, 56, 66, 74, 75]"
instance_0287.npz,134,358,358,461,1,1.3748000201303512,"[20, 25, 56, 73, 93, 100, 129]"
instance_0288.npz,93,239,239,303,1,0.5700000037904829,"[19, 43, 53, 62, 66]"
instance_0289.npz,128,594,594,753,1,2.559500018833205,"[19, 65, 66, 69, 73, 90, 106, 116, 119]"
instance_0290.npz,93,263,263,335,1,0.6374999938998371,"[13, 23, 28, 60, 63, 77, 79, 86]"
instance_0291.npz,163,630,630,799,1,3.5368999815545976,"[3, 28, 33, 35, 112, 113, 118, 119, 138, 145]"
instance_0292.npz,144,430,430,540,1,1.7965000006370246,"[8, 35, 43, 46, 68, 74, 77, 82, 105, 138]"
instance_0293.npz,159,650,650,824,1,3.45509999897331,"[0, 2, 26, 40, 41, 70, 75, 83, 88, 102, 132, 151]"
instance_0294.npz,199,680,680,873,1,4.624699999112636,"[15, 26, 74, 79, 109, 139, 146, 171, 175, 189, 191, 198]"
instance_0295.npz,87,576,576,734,1,1.760699989972636,"[7, 8, 13, 31, 32, 43, 49, 64, 71, 82, 85]"
instance_0296.npz,120,326,326,418,1,1.0823000047821552,"[2, 17, 23, 33, 43, 55, 91, 96]"
instance_0297.npz,184,572,572,730,1,3.6228999961167574,"[8, 10, 12, 13, 15, 63, 111, 127, 143, 163]"
instance_0298.npz,107,461,461,589,1,1.4962999848648906,"[23, 25, 41, 69, 90, 104]"
instance_0299.npz,189,800,800,1019,1,5.633399996440858,"[9, 14, 41, 52, 57, 89, 99, 106, 120, 142, 151, 187]"
instance_0300.npz,100,715,715,903,1,2.7040000131819397,"[0, 4, 42, 49, 52, 59, 60, 61, 66, 72, 91, 93]"
instance_0301.npz,197,265,265,339,1,1.2992999982088804,"[80, 88, 94, 163]"
instance_0302.npz,86,783,783,968,1,2.382600010605529,"[0, 5, 7, 8, 19, 20, 27, 36, 43, 56, 58, 59, 83]"
instance_0303.npz,113,502,502,629,1,1.7548000032547861,"[25, 26, 27, 29, 32, 49, 60, 67, 69, 73, 83, 103]"
instance_0304.npz,159,725,725,918,1,4.364300024462864,"[0, 10, 16, 25, 26, 32, 33, 98, 112, 113, 142]"
instance_0305.npz,197,657,657,831,1,4.69669999438338,"[29, 35, 42, 63, 85, 92, 97, 111, 117, 139, 145]"
instance_0306.npz,118,397,397,505,1,1.3945999962743372,"[10, 35, 36, 40, 58, 63, 93, 110]"
instance_0307.npz,197,363,363,464,1,2.019000006839633,"[24, 50, 113, 143, 175, 194]"
instance_0308.npz,141,442,442,562,1,1.9227000011596829,"[0, 13, 24, 30, 37, 87, 91, 99]"
instance_0309.npz,168,547,547,699,1,3.1098999897949398,"[0, 25, 57, 66, 86, 95, 118, 135, 140, 160]"
instance_0310.npz,179,558,558,711,1,3.295299975434318,"[3, 46, 67, 73, 75, 82, 91, 105, 124, 125]"
instance_0311.npz,89,380,380,485,1,1.3099000207148492,"[12, 13, 24, 35, 40, 42, 63]"
instance_0312.npz,95,559,559,706,1,1.7991000204347074,"[9, 18, 25, 29, 32, 33, 35, 46, 54, 61, 62, 78]"
instance_0313.npz,184,279,279,358,1,1.3029999972786754,"[1, 7, 86, 90, 100]"
instance_0314.npz,165,358,358,458,1,1.7074999923352152,"[18, 58, 97, 103, 112, 154]"
instance_0315.npz,97,577,577,738,1,1.874799985671416,"[7, 12, 15, 22, 34, 48, 50, 61, 88]"
instance_0316.npz,159,474,474,604,1,2.4031999928411096,"[5, 7, 30, 46, 47, 61, 70, 83, 117]"
instance_0317.npz,99,604,604,768,1,1.9964000093750656,"[17, 22, 27, 30, 33, 41, 49, 73, 77, 86, 92, 93]"
instance_0318.npz,132,413,413,531,1,1.752399984980002,"[6, 30, 42, 50, 62, 64, 65, 119, 120]"
instance_0319.npz,170,703,703,890,1,4.3950999970547855,"[11, 13, 31, 44, 47, 48, 49, 50, 67, 97, 103, 109, 132, 133, 138]"
instance_0320.npz,136,334,334,426,1,1.3623999839182943,"[33, 44, 47, 58, 70, 81, 131]"
instance_0321.npz,90,463,463,591,1,1.492699986556545,"[3, 4, 8, 10, 15, 16, 19, 22, 32, 37, 44, 47]"
instance_0322.npz,118,440,440,551,1,1.6948000120464712,"[8, 9, 22, 45, 68, 70, 101, 106, 117]"
instance_0323.npz,145,332,332,425,1,1.3036999735049903,"[2, 80, 84, 122, 129, 143]"
instance_0324.npz,80,637,637,784,1,1.8654000014066696,"[1, 5, 8, 10, 12, 17, 20, 26, 40, 60, 64, 66, 68, 75, 77]"
instance_0325.npz,172,659,659,827,1,4.107299988390878,"[2, 14, 24, 34, 41, 51, 53, 57, 80, 85, 164]"
instance_0326.npz,107,289,289,369,1,0.8760000055190176,"[27, 34, 71, 99, 104]"
instance_0327.npz,195,663,663,847,1,4.648200003430247,"[13, 17, 21, 29, 54, 76, 91, 166, 180, 188]"
instance_0328.npz,91,248,248,318,1,0.6018999847583473,"[8, 17, 25, 45]"
instance_0329.npz,111,704,704,884,1,2.9528999875765294,"[22, 30, 33, 35, 41, 43, 48, 73, 74, 79, 83, 84, 98]"
instance_0330.npz,196,525,525,670,1,3.52769999881275,"[33, 36, 51, 69, 86, 90, 109, 111, 120, 183]"
instance_0331.npz,195,292,292,375,1,1.5604000072926283,"[85, 144, 185, 192, 194]"
instance_0332.npz,121,515,515,652,1,2.0349000114947557,"[5, 17, 21, 29, 42, 46, 60, 94, 104, 111]"
instance_0333.npz,187,756,756,951,1,4.884399997536093,"[7, 28, 70, 73, 80, 91, 96, 97, 99, 116, 123, 129, 158, 161]"
instance_0334.npz,156,577,577,720,1,3.2906999986153096,"[24, 54, 71, 78, 80, 97, 98, 107, 110, 146]"
instance_0335.npz,118,211,210,267,1,0.603899999987334,"[12, 23, 49, 58]"
instance_0336.npz,156,678,678,866,1,3.584200021577999,"[7, 21, 30, 65, 74, 75, 105, 108, 118, 149]"
instance_0337.npz,103,293,293,369,1,0.8282999915536493,"[17, 24, 28, 46, 47, 63, 73, 82, 93]"
instance_0338.npz,157,764,764,966,1,4.015899990918115,"[5, 6, 37, 39, 44, 57, 64, 83, 87, 93, 97, 146, 148]"
instance_0339.npz,147,304,304,390,1,1.1744000075850636,"[0, 25, 27, 37, 48]"
instance_0340.npz,140,560,560,713,1,2.4982999893836677,"[14, 37, 50, 52, 60, 104, 112, 126, 131, 133]"
instance_0341.npz,130,631,631,806,1,2.944600011687726,"[10, 23, 24, 26, 29, 34, 39, 60, 81, 87, 93]"
instance_0342.npz,136,270,270,345,1,1.0063000081572682,"[25, 34, 35, 61, 90]"
instance_0343.npz,101,552,552,699,1,1.8288000137545168,"[7, 15, 18, 21, 34, 43, 47, 48, 57, 93]"
instance_0344.npz,92,491,491,622,1,1.5035000105854124,"[7, 10, 38, 42, 45, 56, 62, 67, 74, 77, 83]"
instance_0345.npz,158,682,682,859,1,3.8417000032495707,"[21, 30, 39, 43, 51, 58, 60, 71, 104, 113, 142]"
instance_0346.npz,95,298,298,375,1,0.7951000006869435,"[52, 75, 79, 84, 91, 92]"
instance_0347.npz,120,527,527,661,1,2.2711000056006014,"[18, 34, 45, 46, 47, 55, 58, 104, 113]"
instance_0348.npz,142,698,698,878,1,3.337699978146702,"[9, 31, 39, 51, 56, 59, 67, 74, 104, 109, 113, 133, 140]"
instance_0349.npz,133,720,720,913,1,3.1386000046040863,"[0, 5, 7, 8, 25, 26, 29, 34, 51, 78, 88, 121]"
instance_0350.npz,90,255,255,321,1,0.5585000035353005,"[7, 14, 25, 36, 79]"
instance_0351.npz,165,334,334,428,1,1.5402999997604638,"[35, 40, 62, 67, 73, 99, 136]"
instance_0352.npz,157,786,786,983,1,4.69959998736158,"[29, 30, 49, 55, 58, 75, 90, 91, 94, 97, 104, 105, 108, 111, 156]"
instance_0353.npz,134,762,762,963,1,3.671000013127923,"[4, 5, 20, 31, 46, 62, 64, 65, 75, 77, 89, 93, 111]"
instance_0354.npz,121,271,271,347,1,0.8254999993368983,"[7, 8, 51, 59]"
instance_0355.npz,109,758,758,959,1,2.974899980472401,"[14, 17, 36, 40, 51, 55, 64, 72, 74, 81, 87, 91, 97, 106]"
instance_0356.npz,189,301,301,384,1,1.520699996035546,"[46, 77, 87, 88, 128, 187]"
instance_0357.npz,89,326,326,403,1,0.8353999874088913,"[4, 16, 27, 37, 42, 55, 61, 73, 82]"
instance_0358.npz,93,753,753,939,1,2.812499995343387,"[17, 29, 33, 34, 44, 48, 50, 58, 60, 61, 82, 84, 87, 89, 92]"
instance_0359.npz,149,594,594,750,1,2.926299988757819,"[7, 21, 34, 42, 48, 63, 67, 84, 107, 117, 122, 134, 138]"
instance_0360.npz,81,290,290,370,1,0.6234000029508024,"[9, 22, 44, 60]"
instance_0361.npz,98,393,393,496,1,1.2719999940600246,"[2, 6, 9, 24, 27, 40, 44, 47, 51, 59, 85]"
instance_0362.npz,187,377,377,485,1,2.2766999900341034,"[7, 36, 95, 119, 162]"
instance_0363.npz,136,717,717,900,1,3.5385999944992363,"[19, 26, 71, 72, 85, 89, 96, 103, 122, 126, 129, 133, 135]"
instance_0364.npz,158,217,217,278,1,0.8978999976534396,"[30, 94, 100, 116, 133]"
instance_0365.npz,101,529,529,672,1,1.8820999830495566,"[16, 18, 22, 34, 35, 47, 97]"
instance_0366.npz,182,325,325,415,1,2.964499988593161,"[43, 64, 65, 95, 117, 132]"
instance_0367.npz,94,227,227,288,1,0.6041000015102327,"[13, 45, 57, 59, 81]"
instance_0368.npz,160,783,783,990,1,4.43149998318404,"[0, 9, 48, 51, 52, 73, 104, 107, 112, 119, 120, 131, 150]"
instance_0369.npz,162,360,360,462,1,1.7413999885320663,"[8, 15, 58, 73, 120, 159]"
instance_0370.npz,182,359,359,459,1,1.94980000378564,"[33, 39, 63, 75, 85, 130, 167]"
instance_0371.npz,144,204,204,263,1,0.7333999965339899,"[9, 12, 75]"
instance_0372.npz,108,531,531,676,1,1.9323999877087772,"[8, 14, 15, 34, 36, 38, 42, 71, 85]"
instance_0373.npz,153,286,286,366,1,1.1424999975133687,"[6, 27, 72, 80, 98, 135]"
instance_0374.npz,164,415,415,529,1,1.9643999985419214,"[0, 91, 97, 103, 139, 143, 162]"
instance_0375.npz,155,634,634,810,1,3.339300019433722,"[10, 46, 52, 62, 64, 67, 69, 109, 133]"
instance_0376.npz,189,485,485,622,1,2.8190000157337636,"[7, 56, 63, 70, 88, 99, 101, 129]"
instance_0377.npz,194,563,563,720,1,3.747900016605854,"[27, 37, 38, 122, 126, 127, 137, 139, 187]"
instance_0378.npz,152,291,291,369,1,1.2203000078443438,"[2, 8, 13, 18, 24, 85, 91]"
instance_0379.npz,118,408,408,519,1,1.4668999938294291,"[10, 21, 31, 38, 39, 59, 81, 117]"
instance_0380.npz,188,315,315,398,1,1.6878000169526786,"[2, 17, 19, 40, 114, 123, 154]"
instance_0381.npz,87,762,762,954,1,2.3784000077284873,"[2, 14, 20, 24, 33, 38, 53, 66, 71, 74, 75, 83, 84]"
instance_0382.npz,170,790,790,998,1,4.929500020807609,"[23, 25, 32, 34, 37, 48, 74, 85, 92, 101, 107, 117, 134, 153, 169]"
instance_0383.npz,118,735,735,908,1,3.2484999974258244,"[11, 18, 32, 56, 62, 65, 78, 86, 95, 96, 100]"
instance_0384.npz,135,760,760,958,1,3.9591999957337976,"[9, 14, 15, 26, 29, 31, 42, 45, 51, 62, 84, 113, 115, 119]"
instance_0385.npz,83,382,382,485,1,0.9294000046793371,"[3, 13, 24, 31, 34, 48, 54, 67]"
instance_0386.npz,89,261,261,331,1,0.6016999832354486,"[6, 7, 16, 23, 31, 56]"
instance_0387.npz,110,542,542,688,1,2.194400003645569,"[3, 22, 27, 37, 70, 96, 100]"
instance_0388.npz,100,777,777,972,1,3.074899985222146,"[2, 3, 9, 12, 21, 30, 31, 33, 36, 48, 55, 59, 62, 64, 69, 70]"
instance_0389.npz,82,307,307,389,1,0.7387999794445932,"[10, 35, 36, 40, 42, 60]"
instance_0390.npz,190,359,359,458,1,2.0238000142853707,"[5, 6, 20, 65, 76, 79, 127, 142]"
instance_0391.npz,129,344,344,437,1,1.2619999761227518,"[11, 108, 111, 116, 127]"
instance_0392.npz,174,253,253,324,1,1.2522000179160386,"[4, 17, 44, 62, 93]"
instance_0393.npz,133,319,319,407,1,1.1588000052142888,"[9, 12, 18, 62]"
instance_0394.npz,117,250,250,317,1,0.766999990446493,"[16, 38, 73, 75, 84, 102]"
instance_0395.npz,169,645,645,822,1,3.5823999787680805,"[7, 8, 15, 20, 26, 74, 120, 123, 127, 154]"
instance_0396.npz,127,261,261,332,1,0.8993000083137304,"[11, 16, 23, 67, 70, 95]"
instance_0397.npz,191,670,670,854,1,4.527899989625439,"[8, 24, 30, 59, 62, 94, 111, 118, 144, 151, 159, 170]"
instance_0398.npz,121,642,642,802,1,2.7447999746073037,"[2, 5, 17, 24, 37, 39, 43, 52, 61, 64, 65, 71, 82, 119]"
instance_0399.npz,149,791,791,983,1,4.472400003578514,"[24, 31, 33, 37, 46, 58, 59, 71, 93, 94, 105, 114, 123, 143]"
instance_0400.npz,175,774,774,976,1,5.2887000201735646,"[6, 22, 31, 71, 85, 86, 95, 121, 131, 139, 150, 153]"
instance_0401.npz,124,737,737,928,1,3.5386999952606857,"[4, 14, 21, 23, 35, 51, 74, 80, 87, 89, 102, 103, 122]"
instance_0402.npz,176,322,322,412,1,1.7535000224597752,"[15, 21, 47, 55, 81, 94]"
instance_0403.npz,171,696,696,874,1,4.291999997803941,"[25, 32, 34, 42, 76, 86, 92, 97, 99, 130, 145, 150]"
instance_0404.npz,181,761,761,964,1,5.3727999911643565,"[9, 11, 15, 56, 67, 77, 88, 97, 100, 138, 141, 144, 168, 178, 179]"
instance_0405.npz,109,778,778,969,1,3.545100014889613,"[24, 30, 34, 38, 39, 44, 47, 49, 52, 60, 63, 68, 73, 74, 81, 105]"
instance_0406.npz,128,568,568,724,1,2.4204000073950738,"[10, 40, 47, 65, 74, 101, 117, 127]"
instance_0407.npz,181,716,716,916,1,5.2297999791335315,"[4, 18, 21, 28, 32, 36, 56, 57, 63, 81, 103, 121, 167]"
instance_0408.npz,98,272,272,348,1,0.832199992146343,"[7, 17, 67, 71, 83, 86]"
instance_0409.npz,103,797,797,986,1,3.2623000151943415,"[0, 7, 23, 26, 27, 31, 32, 38, 59, 66, 70, 76, 81, 89, 91]"
instance_0410.npz,200,343,343,442,1,2.0409999997355044,"[65, 82, 134, 194]"
instance_0411.npz,191,691,691,874,1,4.845899995416403,"[20, 59, 60, 63, 73, 76, 79, 123, 129, 140, 148, 165]"
instance_0412.npz,127,627,627,791,1,2.934500022092834,"[0, 1, 3, 10, 13, 35, 59, 104, 106, 115, 124, 125]"
instance_0413.npz,168,241,241,309,1,1.1373000161256641,"[33, 49, 62, 85, 92, 132]"
instance_0414.npz,92,408,408,515,1,1.1767999967560172,"[2, 26, 39, 45, 54, 60, 70]"
instance_0415.npz,90,241,241,307,1,0.7113000028766692,"[3, 5, 23, 44, 46, 57]"
instance_0416.npz,112,731,731,916,1,3.2595999946352094,"[4, 5, 18, 27, 45, 47, 72, 76, 81, 87, 92, 100, 108]"
instance_0417.npz,187,488,488,621,1,3.0858000100124627,"[28, 53, 77, 101, 104, 118, 124, 154, 182]"
instance_0418.npz,111,431,431,539,1,1.4430000155698508,"[9, 35, 55, 71, 72, 74, 85, 87, 100]"
instance_0419.npz,159,765,765,967,1,4.783700016560033,"[20, 38, 43, 45, 46, 54, 97, 107, 116, 117, 133]"
instance_0420.npz,128,300,300,385,1,1.1257999867666513,"[39, 57, 82, 86, 102]"
instance_0421.npz,106,493,493,625,1,1.697800005786121,"[3, 14, 28, 46, 57, 92, 93, 95]"
instance_0422.npz,140,701,701,895,1,3.438700019614771,"[5, 32, 41, 49, 50, 89, 93, 101, 112, 120, 138]"
instance_0423.npz,96,458,458,577,1,1.3176999927964061,"[0, 9, 39, 48, 52, 54, 69, 70]"
instance_0424.npz,135,736,736,921,1,3.567000007024035,"[12, 45, 63, 64, 72, 78, 81, 97, 98, 99, 104, 118, 122, 133, 134]"
instance_0425.npz,132,750,750,931,1,3.5371000121813267,"[21, 23, 26, 29, 33, 44, 48, 56, 59, 95, 96, 100, 102]"
instance_0426.npz,98,660,660,827,1,2.2775999968871474,"[14, 18, 26, 36, 50, 55, 58, 71, 73, 75, 82, 83, 92]"
instance_0427.npz,121,543,543,678,1,2.1487000049091876,"[6, 11, 13, 22, 26, 55, 88, 91, 99, 103]"
instance_0428.npz,96,647,647,821,1,2.1702999947592616,"[12, 18, 23, 26, 41, 63, 74, 76, 87, 91]"
instance_0429.npz,199,353,353,451,1,1.9683999998960644,"[6, 61, 75, 78, 79, 114, 197]"
instance_0430.npz,123,624,624,788,1,2.665199979674071,"[3, 4, 5, 23, 33, 47, 54, 66, 74, 75, 91, 119]"
instance_0431.npz,95,340,340,430,1,0.9217000042553991,"[8, 10, 14, 35, 47, 66]"
instance_0432.npz,148,793,793,993,1,4.088699992280453,"[7, 26, 37, 47, 50, 61, 63, 65, 96, 105, 121, 124, 126, 141]"
instance_0433.npz,81,463,463,584,1,1.1648000217974186,"[0, 2, 6, 15, 21, 31, 34, 80]"
instance_0434.npz,197,755,755,959,1,5.55889998213388,"[12, 16, 33, 49, 90, 103, 117, 121, 137, 148, 151, 169, 185, 194]"
instance_0435.npz,112,321,321,408,1,1.0454000148456544,"[24, 28, 34, 41, 68]"
instance_0436.npz,174,253,253,325,1,1.1112999927718192,"[28, 36, 50, 90, 141]"
instance_0437.npz,143,257,257,328,1,0.9239000210072845,"[44, 72, 114, 127]"
instance_0438.npz,157,728,728,928,1,4.032999975606799,"[9, 25, 33, 37, 41, 44, 70, 79, 91, 107, 113, 122]"
instance_0439.npz,137,633,633,795,1,2.873600024031475,"[9, 12, 21, 30, 78, 81, 82, 83, 84, 93, 104]"
instance_0440.npz,123,698,698,888,1,2.966900006867945,"[16, 21, 33, 36, 37, 41, 42, 46, 48, 57, 110]"
instance_0441.npz,171,643,643,821,1,3.9778999926056713,"[5, 9, 18, 26, 32, 42, 127, 140, 142, 168]"
instance_0442.npz,110,543,543,682,1,1.9808999786619097,"[13, 16, 33, 37, 38, 61, 68, 78, 83, 92, 96]"
instance_0443.npz,172,684,684,858,1,3.9698000182397664,"[10, 28, 29, 36, 37, 71, 73, 79, 88, 90, 102, 161]"
instance_0444.npz,124,742,742,944,1,3.1629999866709113,"[10, 11, 28, 36, 44, 48, 49, 54, 68, 117, 121, 122]"
instance_0445.npz,159,758,758,957,1,4.35450000804849,"[9, 16, 19, 26, 38, 56, 58, 64, 65, 69, 75, 79, 84, 86, 112, 114, 127]"
instance_0446.npz,88,627,627,790,1,1.9677000236697495,"[0, 10, 12, 13, 14, 31, 38, 47, 53, 55, 60, 63, 86]"
instance_0447.npz,181,276,276,354,1,1.3105999969411641,"[6, 9, 33, 66, 85]"
instance_0448.npz,119,695,695,875,1,2.805099997203797,"[1, 4, 7, 15, 19, 33, 40, 46, 87, 97, 116]"
instance_0449.npz,119,704,704,870,1,2.8509999974630773,"[4, 12, 16, 19, 21, 22, 27, 35, 54, 59, 60, 67, 96, 103, 104, 106]"
instance_0450.npz,96,781,781,988,1,2.6873000024352223,"[5, 26, 29, 31, 33, 36, 37, 46, 62, 68, 78, 84]"
instance_0451.npz,85,481,480,605,1,1.344099990092218,"[13, 14, 20, 25, 46, 74, 76, 83]"
instance_0452.npz,163,409,409,518,1,1.9202999828848988,"[17, 42, 52, 53, 54, 74, 85, 130, 144]"
instance_0453.npz,139,222,222,283,1,0.7801000028848648,"[5, 13, 40, 49, 77]"
instance_0454.npz,194,454,454,575,1,2.6162000140175223,"[38, 70, 73, 94, 126, 128, 144, 164]"
instance_0455.npz,90,500,500,626,1,1.4811000146437436,"[2, 34, 43, 47, 52, 60, 69, 75, 86, 88]"
instance_0456.npz,113,545,545,691,1,1.9651000038720667,"[11, 13, 26, 31, 43, 53, 86, 89, 95, 98]"
instance_0457.npz,83,797,797,991,1,2.389299974311143,"[4, 5, 7, 10, 11, 26, 38, 40, 57, 59, 80]"
instance_0458.npz,176,434,434,548,1,2.3502999974880368,"[15, 36, 45, 56, 59, 74, 170, 174]"
instance_0459.npz,100,530,530,672,1,1.7096000083256513,"[1, 16, 23, 32, 33, 50, 51, 56, 73, 77, 84]"
instance_0460.npz,113,461,461,584,1,1.6367000062018633,"[19, 27, 38, 47, 65, 74, 91, 95]"
instance_0461.npz,192,776,776,997,1,5.132999998750165,"[13, 31, 33, 51, 75, 94, 130, 136, 167, 188, 191]"
instance_0462.npz,104,227,227,286,1,0.5734000005759299,"[38, 57, 94, 100]"
instance_0463.npz,145,427,427,544,1,1.864500023657456,"[6, 14, 21, 55, 56, 102, 124, 132]"
instance_0464.npz,147,322,322,410,1,1.378899993142113,"[45, 52, 70, 94, 108, 136]"
instance_0465.npz,99,614,614,782,1,2.0305000070948154,"[10, 12, 15, 20, 28, 35, 38, 39, 69, 86, 93]"
instance_0466.npz,132,356,356,456,1,1.2900000147055835,"[21, 24, 42, 75, 105, 130]"
instance_0467.npz,115,757,757,940,1,3.1629000150132924,"[9, 15, 27, 46, 56, 62, 68, 70, 72, 81, 93, 99, 102, 108]"
instance_0468.npz,159,736,736,937,1,3.9870000036899,"[2, 12, 28, 32, 39, 56, 70, 100, 101, 112, 119, 139, 141]"
instance_0469.npz,191,760,760,971,1,4.975799995008856,"[20, 28, 47, 62, 68, 78, 79, 114, 120, 141, 153, 165, 174]"
instance_0470.npz,100,635,635,798,1,2.221700007794425,"[10, 12, 22, 30, 39, 41, 43, 57, 67, 70, 75, 77, 80, 83]"
instance_0471.npz,130,210,210,267,1,0.6673999887425452,"[24, 51, 52, 56, 70, 126]"
instance_0472.npz,106,795,795,995,1,3.08620001305826,"[4, 13, 14, 21, 27, 30, 43, 52, 56, 57, 64, 65, 76, 81, 84]"
instance_0473.npz,159,756,756,953,1,4.106600012164563,"[3, 22, 24, 44, 48, 55, 77, 87, 99, 105, 110, 128, 134, 136, 137, 139, 155]"
instance_0474.npz,153,362,362,461,1,1.6381999885197729,"[5, 12, 41, 79, 102, 131]"
instance_0475.npz,156,648,648,824,1,3.395100007764995,"[12, 19, 22, 29, 30, 31, 43, 49, 70, 76, 93, 110, 112]"
instance_0476.npz,129,259,259,330,1,0.8227000071201473,"[2, 46, 51, 87]"
instance_0477.npz,189,227,227,293,1,1.0250999766867608,"[18, 90, 137]"
instance_0478.npz,168,291,291,370,1,1.3036000018473715,"[9, 26, 84, 105, 118]"
instance_0479.npz,200,547,547,699,1,3.4269999887328595,"[53, 104, 125, 134, 144, 162, 190]"
instance_0480.npz,127,230,230,293,1,0.6792000203859061,"[2, 12, 17, 27]"
instance_0481.npz,105,621,621,782,1,2.2745000023860484,"[13, 23, 25, 32, 38, 46, 60, 63, 76, 81, 84, 90]"
instance_0482.npz,165,343,343,440,1,1.5192000137176365,"[5, 23, 42, 51, 61, 77]"
instance_0483.npz,187,716,716,914,1,4.401100013637915,"[9, 10, 20, 21, 36, 43, 64, 101, 106, 115, 127]"
instance_0484.npz,93,291,291,369,1,0.7585999846924096,"[8, 29, 35, 48, 58]"
instance_0485.npz,169,322,322,412,1,1.4506000152323395,"[16, 33, 40, 79, 80, 126]"
instance_0486.npz,152,746,746,947,1,3.8192999782040715,"[10, 26, 28, 45, 52, 53, 78, 94, 101, 103, 106, 107, 113, 141, 150]"
instance_0487.npz,182,247,247,313,1,1.062900002580136,"[12, 15, 50, 51, 91, 94, 105, 115]"
instance_0488.npz,142,674,674,852,1,3.253500006394461,"[17, 20, 24, 25, 31, 32, 33, 35, 46, 77, 83, 91]"
instance_0489.npz,81,322,322,410,1,0.7536999764852226,"[28, 54, 55, 58, 63, 64]"
instance_0490.npz,121,677,677,851,1,3.304699988802895,"[3, 12, 21, 55, 57, 71, 87, 94, 99, 100, 102, 107, 111, 116]"
instance_0491.npz,193,396,396,508,1,3.1106999958865345,"[3, 26, 65, 69, 108, 129, 163]"
instance_0492.npz,123,269,269,342,1,0.8170999935828149,"[8, 34, 36, 83, 116]"
instance_0493.npz,184,379,379,484,1,2.1326999994926155,"[4, 17, 43, 44, 74, 82, 117]"
instance_0494.npz,116,503,503,638,1,1.9223999988753349,"[9, 15, 42, 45, 71, 79, 100, 103, 111]"
instance_0495.npz,157,289,289,370,1,1.1716999870259315,"[6, 75, 78, 80, 88, 101, 114]"
instance_0496.npz,153,476,476,609,1,2.2564999817404896,"[12, 16, 34, 36, 47, 70, 103, 131]"
instance_0497.npz,160,319,319,408,1,1.3857999874744564,"[2, 9, 72, 76, 82, 97]"
instance_0498.npz,123,367,367,467,1,1.3172999897506088,"[3, 25, 34, 35, 50, 81, 88, 116]"
instance_0499.npz,173,544,544,692,1,2.9068999865558,"[32, 39, 44, 56, 75, 77, 78, 142]"
instance_0500.npz,102,481,481,606,1,1.6102000081446022,"[2, 10, 12, 18, 29, 43, 50, 92, 96]"
instance_0501.npz,179,473,473,599,1,2.5138999917544425,"[11, 12, 13, 39, 96, 105, 117, 129, 147, 166]"
instance_0502.npz,155,318,318,408,1,1.6857000009622425,"[16, 33, 91, 98, 102, 143]"
instance_0503.npz,95,766,766,948,1,2.5316000101156533,"[0, 3, 11, 12, 15, 18, 19, 21, 23, 29, 33, 43, 45, 56, 86, 87, 91]"
instance_0504.npz,183,240,240,309,1,1.0846999939531088,"[56, 61, 72, 145]"
instance_0505.npz,194,342,342,439,1,1.9135999900754541,"[6, 11, 50, 68, 74, 149]"
instance_0506.npz,107,427,427,540,1,1.414500002283603,"[2, 12, 22, 27, 43, 57, 64, 67, 96]"
instance_0507.npz,169,593,593,755,1,3.3426999871153384,"[22, 27, 30, 43, 59, 65, 69, 92, 117, 131]"
instance_0508.npz,138,509,509,643,1,2.3443000100087374,"[15, 24, 25, 62, 64, 82, 87, 110, 126]"
instance_0509.npz,150,444,444,565,1,2.0321999909356236,"[24, 47, 66, 89, 90, 93, 138]"
instance_0510.npz,177,397,397,508,1,2.049200003966689,"[34, 58, 64, 86, 92, 101, 153]"
instance_0511.npz,135,598,598,754,1,2.593799988972023,"[1, 21, 45, 62, 71, 75, 77, 86, 94, 105, 132]"
instance_0512.npz,133,275,275,345,1,0.9588999964762479,"[19, 25, 32, 50, 56, 76]"
instance_0513.npz,93,588,588,747,1,1.865800004452467,"[2, 6, 25, 31, 32, 34, 37, 41, 42, 48, 54]"
instance_0514.npz,82,434,434,548,1,1.2895999825559556,"[0, 28, 46, 48, 51, 62, 66, 69, 77, 81]"
instance_0515.npz,166,490,490,622,1,2.5471999833825976,"[5, 27, 34, 59, 77, 82, 98, 112, 133, 145, 148]"
instance_0516.npz,95,327,327,413,1,0.8890999888535589,"[9, 13, 25, 30, 32, 33, 58, 91]"
instance_0517.npz,143,659,659,844,1,2.9895000043325126,"[1, 5, 10, 34, 45, 50, 57, 62, 75]"
instance_0518.npz,168,585,585,742,1,3.2059000222943723,"[3, 26, 56, 79, 100, 108, 135, 143, 146, 148]"
instance_0519.npz,152,375,375,481,1,1.630100014153868,"[14, 20, 59, 63, 117, 139]"
instance_0520.npz,187,732,732,926,1,4.919700004393235,"[4, 26, 76, 82, 85, 96, 99, 130, 138, 143, 170, 176]"
instance_0521.npz,111,338,338,431,1,1.0729999921750277,"[14, 17, 32, 43, 66, 69, 70, 107]"
instance_0522.npz,130,469,469,596,1,1.852800021879375,"[7, 11, 43, 50, 81, 93]"
instance_0523.npz,199,602,602,765,1,3.697800013469532,"[10, 29, 35, 58, 61, 64, 129, 131, 163, 164, 182]"
instance_0524.npz,153,696,696,876,1,3.6334999895188957,"[2, 11, 25, 51, 60, 68, 76, 94, 97, 124, 134]"
instance_0525.npz,162,538,538,684,1,2.702600002521649,"[3, 30, 36, 37, 57, 75, 76, 151]"
instance_0526.npz,139,310,310,397,1,1.1548000038601458,"[28, 66, 82, 113, 122]"
instance_0527.npz,81,281,281,353,1,0.6269000004976988,"[2, 34, 35, 40, 50]"
instance_0528.npz,162,679,679,866,1,3.7272000045049936,"[0, 32, 50, 56, 57, 64, 75, 81, 93, 101, 132]"
instance_0529.npz,139,740,740,919,1,3.6752000160049647,"[5, 10, 34, 46, 64, 71, 76, 77, 79, 99, 106, 110, 113, 124]"
instance_0530.npz,143,240,240,307,1,0.9190999844577163,"[17, 34, 48]"
instance_0531.npz,144,641,641,808,1,3.0993999971542507,"[13, 14, 17, 28, 45, 64, 73, 77, 98, 128, 138, 139]"
instance_0532.npz,192,448,448,572,1,2.571599994553253,"[9, 17, 29, 35, 42, 47, 51, 95, 125]"
instance_0533.npz,195,631,631,806,1,3.9664999931119382,"[1, 28, 43, 71, 76, 93, 94, 130, 188, 189]"
instance_0534.npz,115,317,317,401,1,1.036400004522875,"[10, 38, 42, 44, 48, 66]"
instance_0535.npz,159,452,452,579,1,2.2751000069547445,"[3, 5, 8, 11, 97, 129, 131]"
instance_0536.npz,194,647,647,823,1,4.058499995153397,"[14, 43, 45, 83, 96, 108, 112, 140, 169, 172]"
instance_0537.npz,161,366,366,471,1,1.6607999859843403,"[28, 48, 52, 53, 57, 75]"
instance_0538.npz,144,596,596,759,1,2.7052999939769506,"[23, 33, 48, 51, 55, 71, 80, 82, 96, 108]"
instance_0539.npz,173,282,282,359,1,1.2211000139359385,"[24, 43, 66, 86, 95]"
instance_0540.npz,154,697,697,887,1,3.654200001619756,"[21, 34, 37, 49, 52, 87, 110, 114, 118, 132]"
instance_0541.npz,110,255,255,328,1,0.7188000017777085,"[8, 80, 85, 90]"
instance_0542.npz,128,568,568,723,1,2.2452999837696552,"[16, 17, 18, 19, 33, 48, 55, 75, 106, 127]"
instance_0543.npz,106,482,482,611,1,1.6121999942697585,"[11, 19, 47, 55, 58, 61, 63, 65, 82]"
instance_0544.npz,96,206,206,260,1,0.4655999946407974,"[9, 15, 39, 41, 42, 69]"
instance_0545.npz,141,382,382,488,1,1.5161999908741564,"[31, 41, 42, 80, 93, 98, 132]"
instance_0546.npz,87,243,243,309,1,0.5467000009957701,"[3, 9, 13, 50]"
instance_0547.npz,122,490,490,612,1,1.7965000006370246,"[0, 1, 19, 28, 29, 33, 34, 38, 45, 55, 82, 110, 118]"
instance_0548.npz,190,201,201,256,1,0.8747999963816255,"[43, 101, 105, 177, 179]"
instance_0549.npz,81,266,266,339,1,0.5628000071737915,"[10, 17, 31, 43, 72]"
instance_0550.npz,164,542,542,695,1,2.660099999047816,"[2, 4, 20, 27, 56, 66, 74, 75, 78, 118, 135]"
instance_0551.npz,197,620,620,793,1,3.959099994972348,"[51, 53, 55, 79, 85, 129, 159, 173, 174, 191]"
instance_0552.npz,193,787,787,996,1,5.192399985389784,"[8, 26, 27, 33, 44, 57, 62, 70, 72, 75, 87, 113, 134, 141, 174, 183]"
instance_0553.npz,174,673,673,854,1,4.004499991424382,"[17, 33, 38, 45, 46, 58, 62, 65, 91, 106, 109, 126, 133, 155]"
instance_0554.npz,164,535,535,677,1,2.6650999789126217,"[3, 5, 18, 22, 51, 85, 100, 109, 146, 163]"
instance_0555.npz,141,451,451,574,1,1.8785999855026603,"[12, 29, 32, 65, 94, 132]"
instance_0556.npz,112,377,377,479,1,1.2306999997235835,"[14, 52, 57, 68, 86, 88, 90, 102]"
instance_0557.npz,148,685,685,873,1,3.4642000100575387,"[19, 23, 25, 49, 52, 62, 91, 102, 108, 138, 141]"
instance_0558.npz,195,469,469,599,1,2.7231999847572297,"[9, 19, 51, 98, 145, 167, 187]"
instance_0559.npz,105,245,245,313,1,0.6642999942414463,"[15, 24, 72, 93]"
instance_0560.npz,197,738,738,933,1,5.134700011694804,"[6, 25, 35, 43, 45, 83, 85, 105, 108, 122, 135, 161, 191, 195]"
instance_0561.npz,143,446,446,569,1,1.9640999962575734,"[26, 51, 53, 63, 77, 78, 81, 111]"
instance_0562.npz,180,472,472,608,1,2.5698000099509954,"[43, 47, 49, 53, 58, 70]"
instance_0563.npz,126,443,443,565,1,1.6559999785386026,"[22, 27, 30, 55, 92, 114, 119]"
instance_0564.npz,141,272,272,346,1,0.9992000123020262,"[19, 43, 88, 99, 126]"
instance_0565.npz,187,626,626,788,1,3.8761000032536685,"[0, 12, 25, 35, 46, 58, 69, 102, 125, 155, 171, 174]"
instance_0566.npz,182,697,697,873,1,4.328700015321374,"[16, 18, 20, 35, 36, 51, 57, 66, 68, 89, 117, 133, 146, 151, 163]"
instance_0567.npz,109,428,428,538,1,1.4315999869722873,"[16, 29, 31, 62, 68, 73, 78, 91]"
instance_0568.npz,103,291,291,366,1,0.8114999800454825,"[29, 31, 34, 37, 60, 85]"
instance_0569.npz,115,322,322,402,1,0.9914000111166388,"[8, 41, 46, 56, 91, 114]"
instance_0570.npz,136,339,338,433,1,1.2796999944839627,"[4, 15, 38, 65, 75]"
instance_0571.npz,80,339,339,429,1,0.8158999844454229,"[12, 19, 63, 68, 74, 77]"
instance_0572.npz,181,247,247,316,1,1.2946999922860414,"[78, 98, 101]"
instance_0573.npz,130,225,225,289,1,0.8308999822475016,"[3, 8, 18, 32, 118]"
instance_0574.npz,124,378,378,478,1,1.3948999985586852,"[2, 5, 6, 9, 11, 17, 22, 23, 50, 53, 85]"
instance_0575.npz,170,692,692,861,1,4.2284999799449,"[1, 35, 41, 46, 61, 65, 68, 89, 128, 139, 146, 152, 159]"
instance_0576.npz,146,216,216,277,1,0.8148000051733106,"[28, 48, 65, 72]"
instance_0577.npz,128,219,219,281,1,0.7135999912861735,"[11, 45, 50, 52, 54]"
instance_0578.npz,159,595,595,755,1,3.174500016029924,"[10, 11, 24, 42, 91, 92, 102, 114, 118, 147, 151, 154]"
instance_0579.npz,102,218,218,273,1,0.5882999976165593,"[2, 24, 26, 63, 68, 100]"
instance_0580.npz,93,549,549,689,1,1.770700007909909,"[1, 8, 26, 37, 40, 49, 68, 70, 76, 83, 84, 90]"
instance_0581.npz,169,216,216,278,1,0.8306999807246029,"[75, 76, 103]"
instance_0582.npz,193,761,761,973,1,5.202300002565607,"[0, 9, 10, 13, 16, 17, 63, 74, 93, 104, 108, 140, 184]"
instance_0583.npz,121,470,470,602,1,1.7438999784644693,"[45, 60, 72, 77, 81, 89, 91, 112]"
instance_0584.npz,108,655,655,829,1,2.5713999930303544,"[2, 21, 29, 30, 35, 53, 59, 72, 76, 81, 98]"
instance_0585.npz,119,318,318,402,1,1.0261999850627035,"[3, 5, 20, 22, 41, 50, 64, 65, 73]"
instance_0586.npz,137,329,329,422,1,1.2308000004850328,"[14, 23, 39, 40, 48, 89, 90, 102]"
instance_0587.npz,128,781,781,980,1,3.608300001360476,"[22, 31, 41, 65, 77, 83, 85, 89, 93, 104, 112, 115, 127]"
instance_0588.npz,123,734,734,927,1,3.2319999882020056,"[1, 3, 14, 18, 19, 28, 37, 54, 63, 76, 77, 80, 93, 97, 112]"
instance_0589.npz,193,308,308,395,1,3.9810000162106007,"[30, 54, 57, 69]"
instance_0590.npz,171,579,579,743,1,3.1530999985989183,"[6, 10, 33, 44, 57, 77, 78, 100, 122]"
instance_0591.npz,163,613,613,781,1,3.3878000103868544,"[21, 26, 34, 47, 48, 102, 111, 122, 134, 159]"
instance_0592.npz,94,676,676,846,1,2.2424000198952854,"[1, 8, 17, 19, 23, 43, 44, 49, 61, 64, 65, 78, 88]"
instance_0593.npz,101,514,514,657,1,1.6488000110257417,"[4, 5, 28, 35, 61, 62, 63]"
instance_0594.npz,85,259,259,329,1,0.613499985774979,"[16, 42, 46, 47, 57, 62]"
instance_0595.npz,115,285,285,362,1,0.8781999931670725,"[1, 4, 11, 12, 41, 68]"
instance_0596.npz,198,529,529,671,1,3.279700002167374,"[4, 10, 11, 68, 89, 99, 117, 153, 196]"
instance_0597.npz,99,593,593,749,1,1.8783999839797616,"[2, 4, 16, 23, 26, 28, 52, 93]"
instance_0598.npz,119,298,298,378,1,0.9579999896232039,"[0, 11, 14, 68, 94, 107]"
instance_0599.npz,80,624,624,773,1,1.7204000032506883,"[1, 12, 17, 24, 29, 31, 38, 42, 53]"
instance_0600.npz,180,793,793,1007,1,4.9294999917037785,"[11, 43, 58, 84, 100, 103, 123, 127, 137, 138, 143, 162, 164]"
instance_0601.npz,113,552,552,705,1,2.0739999890793115,"[5, 12, 47, 55, 57, 80, 100, 105, 111]"
instance_0602.npz,140,481,481,605,1,2.1241999929770827,"[4, 17, 22, 26, 49, 50, 52, 66, 87, 119]"
instance_0603.npz,174,706,706,904,1,4.196599998977035,"[4, 58, 72, 76, 78, 84, 109, 133, 138, 144]"
instance_0604.npz,83,694,694,852,1,2.3039000225253403,"[1, 5, 10, 17, 24, 35, 40, 43, 58, 63, 66, 71, 75, 81]"
instance_0605.npz,187,229,229,293,1,1.203499996336177,"[19, 81, 93]"
instance_0606.npz,99,728,728,910,1,2.5528000260237604,"[9, 13, 17, 21, 26, 27, 34, 54, 62, 77, 79, 93]"
instance_0607.npz,129,469,469,602,1,1.9690000044647604,"[1, 20, 26, 67, 76, 80, 85, 117]"
instance_0608.npz,118,329,329,414,1,1.1118999973405153,"[8, 19, 22, 38, 75, 80]"
instance_0609.npz,182,591,591,752,1,3.484999993816018,"[2, 30, 35, 39, 61, 73, 79, 95, 102, 104, 132, 149]"
instance_0610.npz,143,655,655,831,1,3.434199985349551,"[3, 9, 37, 42, 70, 93, 94, 112, 113, 134]"
instance_0611.npz,173,311,311,397,1,1.404300011927262,"[54, 86, 149, 158]"
instance_0612.npz,117,306,306,389,1,0.9812000207602978,"[17, 20, 50, 78, 93, 103, 115, 116]"
instance_0613.npz,193,378,378,484,1,2.118100004736334,"[40, 45, 92, 130, 148, 149, 154]"
instance_0614.npz,81,322,322,410,1,0.7189000025391579,"[5, 28, 34, 36, 53, 68]"
instance_0615.npz,95,763,763,946,1,2.6453000027686357,"[9, 14, 27, 57, 58, 59, 67, 75, 84, 88, 89, 94]"
instance_0616.npz,133,669,669,848,1,3.176400001393631,"[27, 43, 47, 63, 64, 66, 67, 79, 103, 114, 121]"
instance_0617.npz,82,497,497,637,1,1.4131999923847616,"[2, 5, 23, 33, 39, 54, 56, 60]"
instance_0618.npz,187,456,456,584,1,2.619800012325868,"[18, 46, 57, 96, 108, 157, 181, 185]"
instance_0619.npz,100,440,440,552,1,1.4226000057533383,"[1, 13, 19, 28, 41, 44, 47, 60, 75, 87]"
instance_0620.npz,138,383,383,491,1,1.5302000101655722,"[41, 56, 72, 74, 96, 108, 114]"
instance_0621.npz,113,660,660,839,1,2.5354000099468976,"[7, 9, 14, 30, 33, 50, 55, 66, 67, 79, 80, 110, 112]"
instance_0622.npz,81,342,342,436,1,0.8517999958712608,"[11, 15, 16, 27, 46, 69]"
instance_0623.npz,139,409,409,520,1,1.781200000550598,"[6, 38, 44, 63, 83, 126, 127, 133]"
instance_0624.npz,89,747,747,941,1,2.4024000158533454,"[1, 7, 8, 26, 29, 31, 41, 45, 60, 66, 81, 83]"
instance_0625.npz,184,719,719,914,1,4.391800001030788,"[4, 23, 39, 46, 48, 49, 51, 83, 134, 144, 147, 163, 173, 182]"
instance_0626.npz,105,688,688,857,1,2.538099972298369,"[6, 20, 35, 43, 47, 53, 54, 82, 83, 94, 95, 103]"
instance_0627.npz,109,774,774,969,1,3.1129999842960387,"[2, 3, 9, 10, 14, 19, 35, 37, 48, 57, 82, 89, 101, 103, 108]"
instance_0628.npz,88,333,333,420,1,0.9188000112771988,"[7, 14, 18, 41, 42, 43, 49]"
instance_0629.npz,121,629,629,802,1,2.594999998109415,"[3, 31, 37, 43, 47, 53, 55, 103, 116, 118]"
instance_0630.npz,87,268,268,336,1,0.6345000001601875,"[0, 9, 34, 35, 48, 60, 70]"
instance_0631.npz,115,767,767,976,1,3.049299994017929,"[0, 11, 12, 20, 22, 28, 36, 38, 65, 75, 95, 101, 103]"
instance_0632.npz,86,719,719,898,1,2.198400004999712,"[0, 3, 5, 7, 8, 11, 17, 18, 28, 37, 42, 67, 68, 82]"
instance_0633.npz,165,649,649,833,1,3.6202999763190746,"[6, 37, 64, 74, 96, 109, 110, 125, 147]"
instance_0634.npz,163,476,476,611,1,2.549700002418831,"[19, 52, 56, 58, 99, 101, 108, 119]"
instance_0635.npz,178,459,459,589,1,2.426699997158721,"[38, 70, 80, 102, 120, 125]"
instance_0636.npz,177,327,327,417,1,1.5919999859761447,"[10, 25, 52, 68, 161, 166]"
instance_0637.npz,121,356,356,454,1,1.2584999785758555,"[10, 11, 32, 41, 50, 59, 72, 120]"
instance_0638.npz,164,573,573,731,1,3.209699993021786,"[10, 44, 49, 52, 53, 55, 57, 60, 62, 88, 96, 124]"
instance_0639.npz,89,441,441,558,1,1.2499000004027039,"[5, 15, 16, 38, 42, 43, 45, 49, 69, 86]"
instance_0640.npz,99,471,471,594,1,1.5159000176936388,"[2, 18, 23, 36, 37, 42, 66, 82, 85]"
instance_0641.npz,125,656,656,838,1,2.856700011761859,"[10, 11, 22, 45, 61, 64, 103, 112, 116, 117, 122]"
instance_0642.npz,107,744,744,941,1,2.7150000096298754,"[4, 14, 33, 44, 47, 50, 53, 63, 66, 71, 89, 94, 98, 100]"
instance_0643.npz,102,345,345,438,1,1.0806000209413469,"[16, 47, 66, 95, 101]"
instance_0644.npz,160,292,292,373,1,1.2288999860174954,"[8, 48, 52, 67, 95]"
instance_0645.npz,92,256,256,321,1,0.607299996772781,"[33, 44, 52, 72]"
instance_0646.npz,106,215,215,273,1,0.5744999798480421,"[5, 11, 19, 53, 70]"
instance_0647.npz,156,484,484,612,1,2.275200007716194,"[0, 3, 14, 56, 68, 99, 116, 129]"
instance_0648.npz,195,227,227,290,1,1.1436000058893114,"[6, 49, 60, 96, 118]"
instance_0649.npz,190,363,363,466,1,1.9259999971836805,"[0, 28, 32, 48, 112, 132, 148]"
instance_0650.npz,126,480,480,608,1,1.860200020018965,"[3, 14, 39, 40, 82, 97, 123]"
instance_0651.npz,84,316,316,399,1,0.7942999945953488,"[2, 7, 10, 12, 25, 69, 73]"
instance_0652.npz,167,223,223,284,1,0.9351999906357378,"[17, 25, 75]"
instance_0653.npz,149,601,601,756,1,3.009000007295981,"[12, 41, 45, 66, 71, 73, 76, 79, 89, 101, 118, 140, 147]"
instance_0654.npz,133,631,631,794,1,2.9255000117700547,"[9, 15, 21, 26, 32, 47, 52, 67, 77, 80, 103, 105, 118, 119, 125, 130]"
instance_0655.npz,134,252,252,323,1,0.8672999974805862,"[0, 32, 44, 105, 116]"
instance_0656.npz,84,230,230,295,1,0.5334000161383301,"[8, 22, 33, 37, 50]"
instance_0657.npz,189,273,273,348,1,1.3911999994888902,"[49, 98, 117, 162, 164]"
instance_0658.npz,178,209,209,269,1,0.9515999990981072,"[1, 5, 28, 32, 131]"
instance_0659.npz,165,372,372,478,1,1.6985999827738851,"[25, 28, 89, 94, 104, 134]"
instance_0660.npz,148,586,586,743,1,2.7830000035464764,"[4, 24, 25, 28, 37, 60, 65, 87, 97, 106, 147]"
instance_0661.npz,199,674,674,866,1,4.409399989526719,"[76, 78, 97, 125, 130, 162, 164, 165, 180]"
instance_0662.npz,180,466,466,595,1,2.6040999800898135,"[25, 56, 64, 88, 97, 101, 130, 176, 179]"
instance_0663.npz,146,538,538,680,1,3.217599994968623,"[12, 19, 30, 35, 64, 67, 76, 82, 87, 90]"
instance_0664.npz,146,479,479,611,1,2.076500008115545,"[10, 11, 12, 15, 19, 22, 33, 89, 97, 136]"
instance_0665.npz,98,771,771,958,1,2.8037999873049557,"[0, 5, 16, 40, 41, 47, 48, 54, 61, 63, 74, 85, 94, 95]"
instance_0666.npz,90,648,648,821,1,1.8671999860089272,"[4, 17, 19, 21, 26, 38, 43, 46, 66, 72, 73]"
instance_0667.npz,186,665,665,844,1,4.038699989905581,"[15, 17, 19, 23, 32, 34, 66, 94, 109, 173, 174, 182]"
instance_0668.npz,146,660,660,834,1,3.06250000721775,"[17, 28, 29, 33, 49, 55, 65, 68, 108, 123, 130, 137]"
instance_0669.npz,82,795,795,981,1,2.3370000126305968,"[0, 20, 23, 26, 28, 29, 32, 33, 36, 46, 47, 54, 62, 67]"
instance_0670.npz,104,658,658,813,1,2.2357999987434596,"[2, 10, 11, 14, 17, 23, 47, 52, 77, 82, 100, 103]"
instance_0671.npz,120,301,301,386,1,0.9340999822597951,"[6, 36, 47, 65, 91]"
instance_0672.npz,194,212,212,272,1,0.969300017459318,"[0, 33, 100, 182]"
instance_0673.npz,115,545,545,687,1,1.9742999866139144,"[2, 5, 7, 11, 12, 17, 19, 43, 79, 103]"
instance_0674.npz,169,205,204,263,1,0.897999998414889,"[112, 113, 139]"
instance_0675.npz,138,328,328,422,1,1.211499999044463,"[50, 81, 110, 116, 131]"
instance_0676.npz,183,367,367,470,1,1.9003000052180141,"[31, 81, 157, 166, 173, 175]"
instance_0677.npz,116,796,796,994,1,3.4810999932233244,"[12, 13, 43, 50, 58, 64, 65, 76, 80, 86, 87, 92, 94, 97, 109]"
instance_0678.npz,82,205,205,262,1,0.40859999717213213,"[8, 19, 31, 37, 39, 69]"
instance_0679.npz,167,452,452,576,1,2.2443000052589923,"[4, 24, 43, 46, 49, 72, 109, 158]"
instance_0680.npz,198,500,500,634,1,2.899899991462007,"[73, 127, 137, 149, 158, 160, 193]"
instance_0681.npz,93,416,416,530,1,1.1621000012382865,"[2, 3, 10, 13, 40, 53, 73, 74]"
instance_0682.npz,97,647,647,821,1,2.199000009568408,"[11, 33, 34, 42, 68, 71, 76, 81, 90]"
instance_0683.npz,133,627,627,801,1,2.7697000186890364,"[1, 15, 31, 34, 86, 92, 102, 116, 120, 121]"
instance_0684.npz,131,603,603,765,1,2.4058000126387924,"[4, 8, 14, 15, 33, 44, 51, 58, 76, 78, 106, 115]"
instance_0685.npz,142,778,778,990,1,3.8767000078223646,"[24, 25, 40, 57, 59, 75, 83, 88, 101, 132, 137, 139]"
instance_0686.npz,198,719,719,911,1,4.857599997194484,"[10, 20, 23, 31, 40, 57, 62, 71, 105, 117, 145, 148, 160, 193]"
instance_0687.npz,107,787,787,966,1,3.041099989786744,"[19, 24, 33, 37, 51, 52, 57, 59, 68, 72, 77, 78, 79, 97, 99]"
instance_0688.npz,108,408,408,519,1,1.295499998377636,"[68, 70, 71, 87, 89, 93]"
instance_0689.npz,200,246,246,316,1,1.217999990331009,"[26, 64, 126, 140]"
instance_0690.npz,106,434,434,552,1,1.3695000088773668,"[22, 26, 29, 32, 37, 54, 63, 81, 97]"
instance_0691.npz,164,605,605,767,1,3.178700018906966,"[2, 5, 8, 18, 31, 36, 47, 54, 74, 124, 146]"
instance_0692.npz,141,354,354,453,1,1.4828999992460012,"[6, 20, 22, 46, 56, 76, 106, 114]"
instance_0693.npz,84,750,750,940,1,2.339300001040101,"[7, 9, 10, 18, 20, 21, 40, 45, 55, 67, 69, 70, 72, 73]"
instance_0694.npz,127,276,276,352,1,0.8951000054366887,"[21, 31, 98, 119, 123]"
instance_0695.npz,147,562,562,721,1,2.637700003106147,"[27, 30, 50, 67, 69, 95, 106, 112]"
instance_0696.npz,98,639,639,796,1,2.1841000125277787,"[10, 14, 31, 55, 57, 63, 66, 83, 88, 91, 93]"
instance_0697.npz,141,604,604,757,1,2.8584999963641167,"[8, 16, 20, 22, 41, 53, 55, 63, 79, 95, 117, 132, 134, 136]"
instance_0698.npz,139,716,716,898,1,3.851099987514317,"[15, 23, 28, 37, 40, 44, 62, 77, 83, 92, 98, 104, 108, 113, 123]"
instance_0699.npz,99,322,322,410,1,0.9569000103510916,"[5, 15, 63, 64, 65, 70]"
instance_0700.npz,144,355,355,456,1,1.3996999769005924,"[20, 59, 67, 72, 79]"
instance_0701.npz,89,598,598,748,1,1.832999987527728,"[4, 10, 20, 31, 34, 35, 54, 65, 67, 69, 70, 82]"
instance_0702.npz,187,509,509,646,1,2.803700015647337,"[16, 24, 27, 57, 70, 71, 92, 182]"
instance_0703.npz,150,254,254,325,1,0.9295000054407865,"[20, 61, 71, 105]"
instance_0704.npz,161,664,664,854,1,3.850199980661273,"[0, 48, 54, 73, 75, 92, 109, 121, 129, 144, 158]"
instance_0705.npz,198,616,616,787,1,4.4643000001087785,"[25, 29, 44, 47, 66, 92, 123, 140, 171]"
instance_0706.npz,96,434,434,547,1,1.2673999881371856,"[16, 20, 27, 33, 38, 42, 43, 56, 75, 76, 83]"
instance_0707.npz,151,397,397,504,1,1.6795000119600445,"[2, 7, 9, 21, 76, 79, 106, 126, 129]"
instance_0708.npz,160,478,478,607,1,2.298199979122728,"[5, 17, 31, 39, 50, 62, 67]"
instance_0709.npz,107,746,746,927,1,2.9257999849505723,"[2, 9, 23, 31, 57, 60, 63, 66, 70, 75, 86, 88, 90, 91]"
instance_0710.npz,182,486,486,620,1,2.7199000178370625,"[14, 21, 42, 43, 68, 78, 88, 117]"
instance_0711.npz,102,694,694,859,1,2.5223000266123563,"[7, 11, 13, 30, 36, 46, 55, 82, 83, 85, 88, 91, 94, 97]"
instance_0712.npz,95,200,200,252,1,0.4800999886356294,"[23, 33, 41, 58, 74]"
instance_0713.npz,90,407,407,519,1,1.1264000204391778,"[3, 29, 30, 52, 55, 60, 64, 66, 67, 77, 85]"
instance_0714.npz,165,476,476,594,1,2.3557999811600894,"[14, 19, 34, 44, 50, 92, 112, 120, 156]"
instance_0715.npz,132,775,775,979,1,3.5689000214915723,"[11, 15, 33, 42, 52, 64, 78, 84, 89, 91, 107, 110, 113, 128]"
instance_0716.npz,145,459,459,581,1,2.0778000180143863,"[19, 58, 61, 128, 132]"
instance_0717.npz,115,294,294,372,1,0.8748999971430749,"[1, 8, 20, 30, 57, 60, 69]"
instance_0718.npz,128,481,481,606,1,1.808600005460903,"[7, 14, 20, 33, 38, 42, 111, 112]"
instance_0719.npz,176,659,659,833,1,3.8074000040069222,"[27, 37, 45, 46, 68, 99, 138, 139, 160]"
instance_0720.npz,143,204,204,261,1,0.6997000018600374,"[51, 119, 132, 134]"
instance_0721.npz,111,405,405,520,1,1.3594000192824751,"[21, 28, 45, 58, 66, 97]"
instance_0722.npz,94,464,464,583,1,1.3376999995671213,"[4, 6, 31, 32, 38, 45, 48, 63, 73, 77]"
instance_0723.npz,160,757,757,953,1,4.123099992284551,"[1, 9, 19, 26, 31, 32, 34, 51, 52, 85, 91, 92, 108, 120, 124]"
instance_0724.npz,176,243,243,308,1,1.031799998600036,"[5, 13, 18, 43, 91, 127]"
instance_0725.npz,141,471,471,600,1,2.0077000081073493,"[20, 22, 27, 35, 64, 76, 103, 114, 122]"
instance_0726.npz,150,252,252,323,1,0.9507999930065125,"[19, 46, 76, 89, 100]"
instance_0727.npz,152,788,788,995,1,4.070299997692928,"[15, 24, 40, 60, 62, 64, 81, 88, 91, 125, 142, 144, 149]"
instance_0728.npz,153,345,345,439,1,1.4451000024564564,"[3, 44, 108, 114, 151]"
instance_0729.npz,125,661,661,845,1,2.7836999797727913,"[15, 18, 37, 59, 65, 66, 70, 78, 81, 87, 96, 105]"
instance_0730.npz,171,718,718,920,1,3.992200014181435,"[16, 22, 55, 62, 66, 73, 85, 89, 101, 122, 133]"
instance_0731.npz,199,777,777,991,1,4.979899997124448,"[24, 36, 51, 115, 123, 126, 142, 148, 159, 169, 170, 173, 196]"
instance_0732.npz,112,589,589,740,1,2.1542999893426895,"[0, 8, 17, 26, 35, 38, 55, 61, 68, 78, 92]"
instance_0733.npz,186,564,564,713,1,3.2147000019904226,"[9, 14, 15, 35, 48, 51, 79, 128]"
instance_0734.npz,158,519,519,662,1,2.5621999811846763,"[43, 59, 90, 91, 93, 112, 113, 115, 125, 130, 136]"
instance_0735.npz,169,236,236,303,1,0.9770000178832561,"[36, 45, 48, 62]"
instance_0736.npz,123,570,570,725,1,2.2908000100869685,"[16, 25, 30, 31, 36, 37, 66, 70, 79, 97]"
instance_0737.npz,159,384,384,490,1,1.6965999966487288,"[3, 65, 80, 82, 119, 145, 154]"
instance_0738.npz,128,730,730,916,1,3.186799993272871,"[1, 14, 18, 40, 43, 59, 65, 67, 83, 85, 90, 106, 124]"
instance_0739.npz,177,796,796,1019,1,4.733200010377914,"[2, 9, 10, 21, 40, 58, 60, 101, 108, 113, 117, 137]"
instance_0740.npz,150,529,529,677,1,2.5195999769493937,"[13, 16, 20, 49, 58, 65, 80, 116, 117, 121, 131]"
instance_0741.npz,99,343,343,438,1,0.9877000120468438,"[19, 32, 59, 79, 84, 85, 98]"
instance_0742.npz,121,248,248,318,1,0.7890999841038138,"[28, 72, 85, 92, 120]"
instance_0743.npz,138,286,286,365,1,1.0062000073958188,"[74, 100, 114, 122, 128, 131]"
instance_0744.npz,83,285,284,361,1,0.6155000010039657,"[6, 7, 9, 31, 44, 59]"
instance_0745.npz,144,386,386,497,1,1.5270999865606427,"[3, 6, 27, 73, 107, 140]"
instance_0746.npz,196,724,724,921,1,4.737900017062202,"[16, 27, 32, 33, 48, 57, 62, 84, 97, 102, 150, 154, 162, 172, 180, 181]"
instance_0747.npz,92,782,782,976,1,2.602299995487556,"[11, 18, 19, 26, 27, 29, 30, 38, 39, 41, 45, 49, 65, 74, 82]"
instance_0748.npz,182,328,328,417,1,1.591100008226931,"[7, 8, 15, 22, 31, 105, 177]"
instance_0749.npz,137,695,695,865,1,3.215799981262535,"[1, 7, 25, 47, 48, 78, 83, 92, 104, 112, 114]"
instance_0750.npz,168,414,414,526,1,2.063099993392825,"[27, 37, 60, 63, 88, 109]"
instance_0751.npz,199,249,249,316,1,1.190500013763085,"[92, 93, 122]"
instance_0752.npz,197,218,218,281,1,1.2698000064119697,"[66, 122, 165, 169]"
instance_0753.npz,159,318,318,407,1,1.3306000037118793,"[27, 36, 43, 49, 53, 76]"
instance_0754.npz,172,496,496,629,1,2.673999988473952,"[24, 28, 52, 54, 61, 63, 82, 85, 99, 107]"
instance_0755.npz,173,366,366,469,1,1.7924999992828816,"[32, 44, 76, 78, 96, 101, 130, 131]"
instance_0756.npz,184,688,688,874,1,4.199200018774718,"[19, 38, 41, 47, 51, 60, 64, 88, 129, 133, 134, 137]"
instance_0757.npz,175,431,431,550,1,2.2458000166807324,"[29, 32, 44, 55, 67, 128, 129, 148]"
instance_0758.npz,137,345,345,439,1,1.4242999895941466,"[3, 6, 24, 48, 67]"
instance_0759.npz,112,311,311,398,1,0.9251000010408461,"[17, 30, 85, 97, 109]"
instance_0760.npz,114,613,613,785,1,2.3372000141534954,"[0, 12, 29, 41, 46, 48, 53, 66, 73, 92, 105]"
instance_0761.npz,96,241,241,306,1,0.5855999770574272,"[6, 7, 34, 67]"
instance_0762.npz,86,380,380,482,1,0.9711000020615757,"[6, 11, 22, 35, 48, 66, 70]"
instance_0763.npz,136,590,590,751,1,2.4942999880295247,"[1, 2, 14, 22, 52, 53, 68, 129]"
instance_0764.npz,170,614,614,777,1,3.4625999978743494,"[2, 43, 52, 72, 80, 105, 125, 139, 142, 144, 145, 152]"
instance_0765.npz,133,410,410,525,1,1.7497999942861497,"[2, 25, 65, 72, 76, 89]"
instance_0766.npz,114,377,377,481,1,1.2330000172369182,"[20, 24, 31, 38, 70, 90]"
instance_0767.npz,164,469,469,602,1,2.4064999888651073,"[0, 2, 17, 31, 32, 36, 52, 77]"
instance_0768.npz,137,373,373,477,1,1.46079997648485,"[9, 11, 23, 28, 29, 34, 57, 104, 112, 114, 120]"
instance_0769.npz,196,263,263,336,1,1.2524000194389373,"[6, 17, 39, 48, 70, 190]"
instance_0770.npz,105,615,615,774,1,2.0954000065103173,"[5, 6, 10, 20, 26, 37, 39, 40, 53, 65, 67, 83, 94]"
instance_0771.npz,157,593,593,761,1,2.9036000196356326,"[9, 22, 33, 54, 62, 95, 131, 152, 156]"
instance_0772.npz,186,679,679,865,1,4.24919999204576,"[12, 29, 74, 79, 80, 97, 122, 131, 149, 165, 185]"
instance_0773.npz,132,645,645,818,1,2.775200002361089,"[10, 13, 38, 43, 54, 66, 70, 79, 86, 89]"
instance_0774.npz,84,616,616,777,1,1.645899988943711,"[3, 9, 13, 16, 19, 32, 40, 44, 71, 83]"
instance_0775.npz,139,401,401,512,1,1.6166999994311482,"[1, 36, 73, 86, 87, 128]"
instance_0776.npz,149,378,378,482,1,1.6337000124622136,"[1, 22, 51, 66, 96, 118, 133]"
instance_0777.npz,141,349,349,443,1,1.3978999922983348,"[36, 47, 91, 116, 125, 128]"
instance_0778.npz,155,534,534,674,1,3.0177999869920313,"[11, 16, 20, 26, 29, 37, 54, 81, 100, 102, 119]"
instance_0779.npz,133,693,693,871,1,3.4571999858599156,"[29, 34, 44, 47, 57, 68, 78, 80, 86, 102, 104, 122]"
instance_0780.npz,122,725,725,914,1,2.952600014396012,"[8, 9, 15, 16, 20, 32, 39, 49, 53, 71, 73, 74, 80, 84, 93, 108]"
instance_0781.npz,187,356,356,458,1,2.0087000157218426,"[22, 29, 41, 71, 116, 120, 136, 145]"
instance_0782.npz,86,446,446,565,1,1.184099994134158,"[6, 8, 14, 36, 47, 49, 54]"
instance_0783.npz,125,422,422,540,1,1.715999998850748,"[29, 30, 33, 40, 52, 66, 71, 84, 109]"
instance_0784.npz,89,390,390,487,1,1.029600010951981,"[1, 12, 15, 16, 56, 71, 79]"
instance_0785.npz,175,730,730,930,1,4.104899999219924,"[8, 25, 31, 45, 48, 51, 52, 71, 81, 143, 145]"
instance_0786.npz,97,631,631,803,1,1.9635999924503267,"[6, 10, 11, 12, 20, 27, 47, 72, 88]"
instance_0787.npz,112,336,336,426,1,1.0248000035062432,"[6, 7, 15, 33, 74, 81, 101, 111]"
instance_0788.npz,158,389,389,497,1,1.7308999958913773,"[9, 14, 16, 40, 68, 104]"
instance_0789.npz,82,307,307,389,1,0.7766999769955873,"[13, 17, 18, 32, 46, 78]"
instance_0790.npz,188,598,598,760,1,3.532000002451241,"[2, 23, 25, 43, 46, 65, 80, 88, 90, 99, 114, 115, 157]"
instance_0791.npz,199,316,316,406,1,1.673899998422712,"[71, 81, 127, 139, 176]"
instance_0792.npz,132,760,760,955,1,3.4490999823901802,"[3, 14, 18, 21, 23, 42, 46, 68, 71, 88, 97, 122, 129]"
instance_0793.npz,178,409,409,521,1,2.1188000100664794,"[16, 27, 39, 53, 54, 98, 104, 127]"
instance_0794.npz,136,239,239,304,1,0.8448000007774681,"[11, 20, 25, 37, 56]"
instance_0795.npz,144,449,449,569,1,1.9910999981220812,"[6, 7, 45, 57, 59, 79, 81, 106, 122]"
instance_0796.npz,116,781,781,996,1,3.7542000063695014,"[2, 25, 32, 36, 50, 60, 64, 65, 70, 74, 83, 86, 98, 115]"
instance_0797.npz,100,735,735,911,1,2.5522999931126833,"[0, 4, 12, 15, 17, 19, 21, 22, 28, 33, 37, 42, 65, 71]"
instance_0798.npz,93,430,430,553,1,1.1842000239994377,"[5, 11, 31, 34, 37, 52, 62]"
instance_0799.npz,123,308,308,396,1,0.972700014244765,"[9, 15, 43, 63, 87, 90]"
instance_0800.npz,162,546,546,698,1,2.722300007008016,"[17, 18, 29, 31, 46, 85, 93, 99, 119]"
instance_0801.npz,194,306,306,392,1,1.534599985461682,"[8, 41, 46, 105, 107]"
instance_0802.npz,196,664,664,849,1,4.1939999791793525,"[8, 67, 70, 107, 110, 138, 173, 177, 195]"
instance_0803.npz,83,423,423,533,1,1.0785999766085297,"[2, 3, 26, 36, 40, 51, 52, 60]"
instance_0804.npz,93,605,605,743,1,1.845400023739785,"[0, 7, 10, 11, 17, 18, 20, 23, 26, 32, 40, 46, 67, 71]"
instance_0805.npz,110,271,271,346,1,0.7619999814778566,"[47, 65, 76, 79, 80]"
instance_0806.npz,122,510,510,635,1,2.003000001423061,"[20, 22, 38, 47, 59, 71, 72, 94, 101, 102, 106, 111, 116, 119]"
instance_0807.npz,86,286,286,358,1,0.6633999873884022,"[10, 28, 43, 85]"
instance_0808.npz,88,682,682,844,1,2.586000016890466,"[13, 25, 30, 45, 50, 62, 63, 66, 69, 72, 75, 78]"
instance_0809.npz,164,557,557,706,1,3.0712000152561814,"[5, 15, 21, 37, 54, 58, 98, 121, 137]"
instance_0810.npz,100,734,734,920,1,2.658600016729906,"[0, 2, 4, 7, 21, 25, 38, 41, 49, 58, 67, 74, 97]"
instance_0811.npz,174,563,563,713,1,2.957999997306615,"[0, 4, 5, 44, 46, 54, 88, 98, 116, 160, 169]"
instance_0812.npz,189,441,441,563,1,2.575299993623048,"[16, 19, 76, 108, 140, 145, 174]"
instance_0813.npz,118,649,649,826,1,2.6018999924417585,"[4, 19, 21, 31, 34, 44, 52, 58, 63, 66, 75, 78]"
instance_0814.npz,103,282,282,358,1,0.7610000029671937,"[29, 58, 66, 68, 99]"
instance_0815.npz,187,460,460,584,1,2.7873000071849674,"[12, 25, 32, 43, 63, 64, 73, 87, 99, 112, 118]"
instance_0816.npz,87,361,361,459,1,0.9268999856431037,"[16, 17, 30, 38, 63]"
instance_0817.npz,119,770,770,973,1,3.4153999877162278,"[4, 16, 21, 23, 26, 49, 50, 52, 60, 79, 89, 112, 115]"
instance_0818.npz,189,455,455,584,1,2.585499983979389,"[69, 79, 97, 124, 126, 145, 150]"
instance_0819.npz,145,403,403,514,1,1.6814999980852008,"[6, 20, 25, 35, 43, 45, 60, 66]"
instance_0820.npz,131,438,438,555,1,1.7300999897997826,"[41, 59, 60, 74, 77, 109, 117]"
instance_0821.npz,169,478,478,606,1,2.5440999888814986,"[30, 52, 72, 110, 118, 126, 129, 140]"
instance_0822.npz,182,423,423,541,1,2.2333000088110566,"[19, 24, 30, 52, 53, 71, 82, 150, 153]"
instance_0823.npz,133,542,542,691,1,2.3453999892808497,"[1, 18, 43, 87, 89, 96, 100]"
instance_0824.npz,120,471,471,603,1,1.7606000183150172,"[1, 27, 48, 62, 77, 87, 107]"
instance_0825.npz,99,610,610,779,1,2.0266000065021217,"[6, 13, 15, 25, 34, 38, 70, 82, 92]"
instance_0826.npz,187,213,213,273,1,0.9104000055231154,"[15, 31, 113, 138]"
instance_0827.npz,190,458,458,586,1,2.888499991968274,"[75, 76, 79, 94, 95, 146, 151]"
instance_0828.npz,129,736,736,927,1,3.2069000008050352,"[1, 7, 8, 15, 21, 23, 48, 55, 57, 66, 96, 97, 120]"
instance_0829.npz,100,462,462,588,1,1.3696000096388161,"[8, 17, 20, 22, 34, 60, 79]"
instance_0830.npz,192,670,670,857,1,4.287899995688349,"[35, 39, 54, 88, 92, 108, 109, 116, 125, 157, 190]"
instance_0831.npz,162,799,799,1016,1,4.354499978944659,"[6, 22, 49, 55, 86, 87, 104, 126, 127, 133, 134, 135]"
instance_0832.npz,104,511,511,645,1,1.7965000006370246,"[6, 22, 23, 27, 30, 43, 89, 93, 95, 99]"
instance_0833.npz,138,607,607,769,1,2.796499989926815,"[2, 22, 23, 44, 53, 61, 63, 68, 92, 93, 98]"
instance_0834.npz,114,364,364,460,1,1.1817999766208231,"[5, 19, 29, 51, 53, 61, 92]"
instance_0835.npz,200,659,659,833,1,4.354600008809939,"[11, 25, 30, 44, 58, 64, 69, 135, 141, 146, 188]"
instance_0836.npz,92,453,453,568,1,1.3052999856881797,"[15, 21, 52, 58, 60, 65, 71, 72, 82]"
instance_0837.npz,151,339,339,433,1,1.3411000254563987,"[6, 37, 50, 106, 110, 134]"
instance_0838.npz,168,559,559,710,1,2.9998999962117523,"[2, 54, 102, 118, 121, 125, 127, 141, 161]"
instance_0839.npz,148,499,499,636,1,2.2518000041600317,"[14, 33, 62, 69, 83, 94, 122, 138, 147]"
instance_0840.npz,194,636,636,810,1,4.061899991938844,"[3, 21, 30, 39, 70, 81, 90, 102, 109, 114]"
instance_0841.npz,111,384,384,490,1,1.2003000010736287,"[5, 23, 36, 40, 47, 55]"
instance_0842.npz,161,584,584,741,1,3.0528000206686556,"[4, 21, 43, 60, 76, 98, 104, 147, 151, 155]"
instance_0843.npz,113,254,254,324,1,0.7180999964475632,"[7, 12, 67, 79, 88, 90, 109]"
instance_0844.npz,103,432,432,555,1,1.2990000250283629,"[39, 43, 66, 70, 72, 96]"
instance_0845.npz,128,694,694,862,1,2.9326000076252967,"[2, 3, 7, 19, 25, 30, 36, 47, 66, 78, 80, 86, 92, 99, 102]"
instance_0846.npz,150,288,288,369,1,1.0762999881990254,"[13, 23, 87, 118, 130]"
instance_0847.npz,137,529,529,674,1,2.303599991137162,"[15, 20, 22, 27, 40, 61, 76, 92, 99, 121]"
instance_0848.npz,135,295,295,375,1,1.0215999791398644,"[20, 29, 33, 49, 61]"
instance_0849.npz,183,356,356,457,1,2.0164000161457807,"[8, 25, 97, 108, 112, 174]"
instance_0850.npz,111,559,559,682,1,2.092200011247769,"[10, 19, 21, 30, 31, 58, 62, 72, 78, 81, 84, 86]"
instance_0851.npz,116,450,450,574,1,1.5681000077165663,"[9, 32, 35, 69, 70, 76, 105]"
instance_0852.npz,135,683,683,860,1,3.4257000079378486,"[14, 45, 64, 68, 70, 78, 79, 91, 92, 100, 123, 126, 131]"
instance_0853.npz,185,462,462,593,1,2.48170000850223,"[27, 28, 31, 45, 65, 86, 138, 139]"
instance_0854.npz,103,668,668,830,1,2.380199992330745,"[3, 9, 23, 24, 37, 49, 53, 57, 71, 80, 81, 94]"
instance_0855.npz,188,368,368,468,1,1.8973999831359833,"[16, 27, 40, 70, 87, 135, 151]"
instance_0856.npz,95,609,609,764,1,1.9302000000607222,"[9, 11, 20, 22, 28, 37, 50, 60, 74, 85]"
instance_0857.npz,179,271,271,346,1,1.197600009618327,"[34, 35, 48, 61, 87]"
instance_0858.npz,117,708,708,867,1,3.0257999897003174,"[21, 22, 29, 34, 35, 39, 42, 55, 59, 65, 67, 81, 86, 101, 110]"
instance_0859.npz,188,358,358,455,1,1.8930999794974923,"[76, 90, 146, 161, 172]"
instance_0860.npz,80,616,616,770,1,1.7234999977517873,"[2, 9, 16, 27, 31, 43, 51, 53, 60, 61, 77]"
instance_0861.npz,175,266,266,340,1,1.193600008264184,"[20, 32, 40, 73, 149]"
instance_0862.npz,194,695,695,876,1,4.355999990366399,"[14, 20, 37, 42, 45, 57, 106, 131, 138, 159, 169, 171, 178]"
instance_0863.npz,150,506,506,647,1,2.463200013153255,"[16, 21, 26, 30, 42, 54, 78, 79, 117]"
instance_0864.npz,108,392,392,499,1,1.2583000061567873,"[21, 28, 35, 68, 86, 87, 97]"
instance_0865.npz,129,753,753,959,1,3.2627999898977578,"[5, 10, 19, 21, 27, 31, 33, 55, 56, 62, 67, 70, 72]"
instance_0866.npz,91,580,580,718,1,1.763499982189387,"[2, 5, 12, 13, 56, 57, 74, 76, 89]"
instance_0867.npz,117,404,404,517,1,1.3909999979659915,"[12, 34, 51, 65, 80, 82, 105, 115]"
instance_0868.npz,157,610,610,766,1,3.1407000205945224,"[20, 26, 54, 66, 71, 93, 96, 97, 98, 113, 143]"
instance_0869.npz,177,704,704,891,1,4.297999985283241,"[7, 16, 36, 39, 74, 87, 106, 109, 140, 163, 165]"
instance_0870.npz,159,362,362,464,1,1.552900008391589,"[0, 22, 29, 38, 52, 61, 67]"
instance_0871.npz,161,391,391,496,1,1.7694999987725168,"[3, 5, 86, 89, 100, 126, 128]"
instance_0872.npz,121,259,259,332,1,0.8006999851204455,"[40, 44, 62, 78, 92, 100]"
instance_0873.npz,149,410,410,523,1,1.826499996241182,"[4, 9, 13, 38, 41, 64, 79, 116, 127, 128, 146]"
instance_0874.npz,157,206,206,263,1,0.7658000104129314,"[37, 41, 61, 82, 99]"
instance_0875.npz,199,652,652,832,1,4.20029999804683,"[11, 28, 48, 64, 77, 90, 92, 103, 118, 127, 177, 185]"
instance_0876.npz,106,412,412,524,1,1.3004000065848231,"[2, 6, 24, 27, 42, 49, 74, 77, 90]"
instance_0877.npz,105,213,213,272,1,0.5295999872032553,"[15, 44, 59, 95]"
instance_0878.npz,117,277,277,356,1,0.832499994430691,"[4, 72, 104]"
instance_0879.npz,96,360,360,452,1,0.9744999988470227,"[5, 19, 46, 61, 63, 81]"
instance_0880.npz,144,663,663,842,1,3.131499979645014,"[5, 13, 21, 24, 37, 50, 54, 80, 112, 120, 121, 128, 141]"
instance_0881.npz,102,653,653,811,1,2.284899994265288,"[1, 5, 14, 17, 18, 19, 27, 37, 46, 49, 64, 73, 83, 85, 89, 90, 99]"
instance_0882.npz,145,413,413,520,1,1.8841999990399927,"[39, 43, 50, 62, 66, 76, 87, 93, 123, 139, 141]"
instance_0883.npz,94,613,613,777,1,1.8820000113919377,"[17, 24, 27, 36, 37, 40, 43, 51, 61, 70]"
instance_0884.npz,89,279,279,354,1,0.672499998472631,"[2, 9, 25, 38, 63, 85]"
instance_0885.npz,85,317,317,399,1,0.7442999922204763,"[32, 37, 38, 56, 57, 63, 79]"
instance_0886.npz,85,407,407,512,1,1.0784000041894615,"[6, 9, 11, 13, 21, 40, 50, 52, 58]"
instance_0887.npz,104,281,281,359,1,0.756800000090152,"[1, 9, 50, 68]"
instance_0888.npz,195,213,213,272,1,0.9642000077292323,"[9, 26, 27, 85]"
instance_0889.npz,149,565,565,711,1,2.7350999880582094,"[0, 12, 13, 17, 18, 25, 28, 50, 75, 131, 134, 137, 143]"
instance_0890.npz,125,708,708,898,1,3.2276999845635146,"[3, 7, 45, 46, 68, 74, 76, 78, 90, 105, 108, 113, 115, 122]"
instance_0891.npz,185,745,745,941,1,4.526100005023181,"[1, 2, 4, 7, 9, 23, 24, 25, 31, 55, 110, 160, 169, 174, 179, 181]"
instance_0892.npz,183,239,239,305,1,1.0734999959822744,"[12, 38, 60, 87]"
instance_0893.npz,170,606,606,775,1,3.2380000047851354,"[1, 6, 22, 30, 39, 72, 82, 90, 119, 158]"
instance_0894.npz,196,715,715,910,1,4.578499996569008,"[64, 78, 82, 86, 89, 93, 100, 139, 142, 146, 152, 166]"
instance_0895.npz,93,403,403,510,1,1.1454999912530184,"[7, 9, 10, 17, 31, 40, 45, 80]"
instance_0896.npz,86,455,455,563,1,1.2365999864414334,"[0, 12, 14, 38, 51, 54, 55, 65, 73]"
instance_0897.npz,91,294,294,373,1,0.7326000195462257,"[8, 35, 56, 68, 70, 76, 78, 87]"
instance_0898.npz,176,509,509,646,1,2.720499993301928,"[1, 14, 19, 37, 57, 68, 94, 122, 137, 154]"
instance_0899.npz,140,553,553,710,1,2.4339999945368618,"[13, 17, 21, 30, 48, 51, 76, 88, 99]"
instance_0900.npz,154,797,797,1010,1,4.122699989238754,"[9, 15, 31, 37, 44, 64, 76, 77, 96, 97, 109, 145, 149]"
instance_0901.npz,136,604,604,772,1,2.7821999974548817,"[7, 11, 41, 68, 69, 78, 81, 85, 100, 113, 121, 126]"
instance_0902.npz,142,458,457,581,1,2.0129000185988843,"[5, 19, 40, 67, 99, 113, 116]"
instance_0903.npz,135,502,502,642,1,2.3395000025629997,"[8, 17, 53, 78, 89, 117, 123, 131]"
instance_0904.npz,123,465,465,596,1,1.7385999963153154,"[16, 39, 45, 57, 62, 97, 117]"
instance_0905.npz,81,754,754,905,1,2.2492000134661794,"[0, 1, 16, 20, 21, 25, 28, 30, 31, 39, 43, 49, 50, 51, 58, 63, 67, 69, 71, 76]"
instance_0906.npz,198,705,705,895,1,4.6990999835543334,"[11, 31, 43, 45, 46, 76, 82, 93, 110, 122, 133, 167, 187, 193]"
instance_0907.npz,182,337,337,431,1,1.698700012639165,"[25, 28, 54, 82, 90, 124]"
instance_0908.npz,90,526,526,666,1,1.59119997988455,"[2, 8, 20, 23, 25, 32, 67, 70, 75, 81]"
instance_0909.npz,111,762,762,975,1,2.882300002966076,"[3, 12, 35, 37, 41, 55, 64, 78, 97, 100]"
instance_0910.npz,195,671,671,839,1,4.268399992724881,"[8, 26, 39, 41, 54, 61, 86, 131, 145, 152, 159, 161, 190, 193]"
instance_0911.npz,128,505,505,641,1,2.0810000132769346,"[23, 40, 45, 60, 80, 85, 96, 98, 112]"
instance_0912.npz,86,601,601,758,1,1.7698000010568649,"[5, 15, 17, 20, 30, 31, 38, 41, 52, 63]"
instance_0913.npz,197,280,280,361,1,1.4123999862931669,"[2, 8, 134, 152, 154]"
instance_0914.npz,110,346,346,439,1,1.072199986083433,"[25, 36, 52, 92, 102, 103]"
instance_0915.npz,108,662,662,832,1,2.400500001385808,"[2, 19, 28, 33, 50, 58, 62, 63, 81, 83, 95]"
instance_0916.npz,189,529,529,674,1,3.0556000128854066,"[7, 9, 17, 18, 22, 47, 73, 98, 106, 120]"
instance_0917.npz,161,651,651,826,1,3.3851999905891716,"[6, 50, 54, 58, 81, 84, 89, 99, 108, 124, 125, 131, 146]"
instance_0918.npz,84,544,544,685,1,1.487100002123043,"[0, 15, 31, 34, 36, 43, 78, 80]"
instance_0919.npz,106,479,479,605,1,1.5578999882563949,"[11, 17, 23, 44, 45, 49, 62, 85, 97]"
instance_0920.npz,160,578,578,736,1,2.825000003213063,"[5, 16, 28, 31, 33, 43, 52, 111, 125, 134, 148]"
instance_0921.npz,123,402,402,510,1,1.4242999895941466,"[41, 42, 77, 84, 96, 116]"
instance_0922.npz,152,237,237,304,1,0.9008999913930893,"[31, 62, 93, 142]"
instance_0923.npz,168,532,532,677,1,2.7253000007476658,"[0, 12, 14, 37, 74, 75, 117, 142, 166]"
instance_0924.npz,188,296,296,378,1,1.4237999857869,"[8, 12, 24, 41, 80, 143]"
instance_0925.npz,197,532,532,672,1,3.1389000068884343,"[38, 44, 65, 70, 71, 90, 157, 166, 187, 192]"
instance_0926.npz,97,632,632,803,1,2.0075999782420695,"[4, 8, 21, 32, 47, 52, 55, 58, 59, 96]"
instance_0927.npz,154,486,486,616,1,2.2047999955248088,"[6, 9, 11, 36, 38, 45, 71, 84, 135]"
instance_0928.npz,86,619,619,756,1,1.7544000002089888,"[2, 19, 22, 32, 47, 51, 53, 64, 81]"
instance_0929.npz,139,495,495,628,1,2.0920000097248703,"[3, 8, 48, 65, 72, 99, 115, 127]"
instance_0930.npz,113,363,363,459,1,1.1650999949779361,"[7, 11, 20, 44, 87, 100, 101, 103]"
instance_0931.npz,99,274,274,350,1,0.6968000088818371,"[16, 29, 49, 80]"
instance_0932.npz,90,486,486,613,1,1.372700004139915,"[1, 8, 16, 19, 34, 35, 49, 64, 65, 74, 77]"
instance_0933.npz,160,574,574,728,1,2.8546999965328723,"[13, 19, 25, 30, 65, 69, 89, 97, 102, 121, 124, 152]"
instance_0934.npz,83,201,201,251,1,0.39409997407346964,"[24, 26, 65, 70]"
instance_0935.npz,140,795,795,1001,1,3.8434999878518283,"[1, 12, 25, 31, 33, 34, 37, 86, 97, 105, 123, 130, 134, 136]"
instance_0936.npz,94,500,500,614,1,1.5196999884210527,"[1, 12, 22, 36, 43, 50, 70, 72, 74, 77]"
instance_0937.npz,80,257,257,322,1,0.537499989150092,"[0, 12, 60, 62, 77]"
instance_0938.npz,191,699,699,891,1,4.300199972931296,"[1, 6, 24, 31, 39, 47, 58, 66, 78, 114]"
instance_0939.npz,119,714,714,896,1,3.050800005439669,"[6, 11, 28, 38, 50, 55, 66, 72, 74, 78, 98, 108, 115]"
instance_0940.npz,192,295,295,380,1,1.4304000069387257,"[1, 34, 69, 76, 89, 179, 183]"
instance_0941.npz,180,558,558,709,1,3.1851000094320625,"[39, 60, 73, 88, 93, 114, 128, 155]"
instance_0942.npz,144,467,467,593,1,1.9628000154625624,"[19, 20, 41, 46, 50, 72, 95, 117, 118]"
instance_0943.npz,147,212,212,273,1,0.753700005589053,"[80, 95, 115]"
instance_0944.npz,88,533,533,671,1,1.5048000204842538,"[1, 19, 24, 27, 32, 54, 55, 56, 58, 63, 81]"
instance_0945.npz,200,683,683,874,1,4.501199990045279,"[14, 22, 47, 112, 147, 149, 156, 160, 161, 172, 193, 195]"
instance_0946.npz,86,341,341,428,1,0.8338000043295324,"[20, 25, 41, 45, 59, 62, 65]"
instance_0947.npz,89,518,518,643,1,1.4755000011064112,"[3, 12, 21, 27, 35, 43, 62, 63, 65, 75, 82, 84]"
instance_0948.npz,145,250,250,319,1,0.8488000021316111,"[1, 2, 17, 20, 37]"
instance_0949.npz,101,708,708,882,1,2.6222000014968216,"[1, 30, 45, 46, 50, 51, 60, 61, 66, 79, 80, 90, 92, 95, 99]"
instance_0950.npz,131,742,742,913,1,3.336099995067343,"[51, 56, 66, 68, 72, 78, 82, 84, 95, 101, 103, 107, 111, 113, 119]"
instance_0951.npz,195,682,682,873,1,4.318399995099753,"[16, 23, 29, 32, 33, 52, 60, 67, 85, 102]"
instance_0952.npz,148,671,671,854,1,3.302800003439188,"[4, 5, 8, 24, 26, 27, 46, 92, 116, 118, 124, 129]"
instance_0953.npz,123,359,359,459,1,1.253900001756847,"[32, 40, 47, 77, 108]"
instance_0954.npz,84,422,422,533,1,1.0537999914959073,"[1, 9, 20, 21, 33, 37, 40, 42, 44, 79]"
instance_0955.npz,83,433,433,541,1,1.0730000212788582,"[2, 10, 12, 14, 40, 41, 43, 76]"
instance_0956.npz,130,393,393,501,1,1.4427999849431217,"[21, 25, 43, 46, 75, 82, 96, 110]"
instance_0957.npz,155,470,470,599,1,2.1437999967020005,"[9, 34, 58, 66, 81, 120, 153]"
instance_0958.npz,165,297,297,381,1,1.2795999937225133,"[56, 77, 83, 93, 124]"
instance_0959.npz,185,723,723,912,1,4.39439999172464,"[3, 37, 51, 85, 92, 97, 98, 106, 112, 124, 133, 135, 145]"
instance_0960.npz,182,440,440,562,1,2.338399994187057,"[20, 78, 79, 81, 147, 170]"
instance_0961.npz,193,697,697,886,1,4.46999998530373,"[2, 15, 17, 36, 55, 59, 69, 71, 74, 87, 93, 130, 140, 169]"
instance_0962.npz,122,759,759,951,1,3.256399999372661,"[2, 18, 22, 23, 25, 28, 45, 63, 65, 73, 74, 92, 102, 117]"
instance_0963.npz,98,613,613,770,1,2.0610000065062195,"[0, 1, 17, 18, 28, 32, 33, 34, 39, 40, 44, 51, 58, 87]"
instance_0964.npz,117,602,602,763,1,2.588899980764836,"[8, 15, 24, 39, 48, 53, 56, 59, 66, 86]"
instance_0965.npz,131,268,268,342,1,0.8835000044200569,"[15, 19, 65, 70, 71]"
instance_0966.npz,99,437,437,554,1,1.287799997953698,"[10, 12, 30, 31, 51, 59, 65, 71, 80, 92]"
instance_0967.npz,115,556,556,697,1,2.002199995331466,"[2, 20, 25, 41, 53, 69, 73, 76, 96]"
instance_0968.npz,190,769,769,979,1,4.956699995091185,"[19, 21, 37, 88, 90, 94, 95, 104, 122, 145, 150, 155, 157, 169, 175]"
instance_0969.npz,143,641,641,822,1,3.0866999877616763,"[3, 22, 29, 36, 38, 48, 101, 108, 113, 122, 136]"
instance_0970.npz,90,366,366,467,1,0.9500999876763672,"[5, 20, 30, 41, 49, 85]"
instance_0971.npz,180,655,655,841,1,3.936900000553578,"[60, 82, 86, 89, 101, 118, 150, 152, 154, 160, 161]"
instance_0972.npz,111,322,322,409,1,0.9595000010449439,"[1, 5, 39, 44, 60, 64, 78]"
instance_0973.npz,161,223,223,287,1,0.8669999951962382,"[7, 68, 84]"
instance_0974.npz,147,491,491,627,1,2.1840999834239483,"[21, 39, 50, 53, 73, 76, 78, 108, 109]"
instance_0975.npz,137,216,216,273,1,0.7182999979704618,"[12, 25, 27, 82]"
instance_0976.npz,113,282,282,357,1,0.8524000004399568,"[58, 75, 91, 96, 111]"
instance_0977.npz,113,223,223,283,1,0.5853000038769096,"[44, 52, 53, 61]"
instance_0978.npz,84,495,495,627,1,1.305399986449629,"[4, 33, 35, 37, 44, 49, 70, 76]"
instance_0979.npz,165,755,755,944,1,4.284900001948699,"[2, 8, 30, 42, 44, 62, 71, 97, 115, 121, 129, 139, 142, 159]"
instance_0980.npz,161,224,224,287,1,0.8612000092398375,"[13, 17, 18, 39, 80]"
instance_0981.npz,141,254,254,326,1,0.8707999950274825,"[11, 50, 114, 137]"
instance_0982.npz,98,753,753,945,1,2.60470001376234,"[8, 9, 10, 20, 22, 29, 32, 37, 39, 57, 65, 77, 83, 86, 91, 97]"
instance_0983.npz,134,697,697,883,1,3.1635999912396073,"[21, 29, 48, 63, 65, 82, 84, 86, 88, 100, 114]"
instance_0984.npz,83,472,472,604,1,1.1898000084329396,"[4, 13, 31, 36, 42, 43, 44, 45, 72]"
instance_0985.npz,84,293,293,377,1,0.6279000081121922,"[0, 4, 15, 27, 45]"
instance_0986.npz,98,777,777,963,1,2.6485999987926334,"[2, 11, 17, 18, 19, 20, 38, 49, 63, 68, 75, 77, 86]"
instance_0987.npz,136,253,253,324,1,0.8678000012878329,"[42, 45, 52, 73, 87]"
instance_0988.npz,179,621,621,795,1,3.756899997824803,"[14, 32, 33, 66, 75, 76, 77, 142, 170]"
instance_0989.npz,182,257,257,327,1,1.1650000233203173,"[18, 63, 81, 145, 153]"
instance_0990.npz,135,218,218,279,1,0.7210999901872128,"[25, 30, 49, 61]"
instance_0991.npz,154,265,265,338,1,1.0201999975834042,"[61, 64, 67, 80, 124]"
instance_0992.npz,199,200,200,255,1,0.8956000092439353,"[12, 29, 82, 91]"
instance_0993.npz,163,505,505,638,1,2.6040000084321946,"[42, 98, 99, 104, 111, 126, 132, 149, 154]"
instance_0994.npz,98,686,686,864,1,2.3176000104285777,"[1, 18, 25, 30, 38, 46, 47, 50, 54, 76, 93]"
instance_0995.npz,194,439,439,562,1,2.463399985572323,"[33, 44, 76, 105, 140, 149, 154]"
instance_0996.npz,116,792,792,979,1,3.1621999805793166,"[2, 5, 7, 25, 34, 42, 50, 58, 68, 70, 72, 86, 93, 95, 98, 103, 107]"
instance_0997.npz,199,640,640,803,1,4.12040000082925,"[8, 31, 65, 66, 72, 83, 95, 114, 122, 140, 141, 186]"
instance_0998.npz,200,440,440,560,1,2.4876000243239105,"[20, 25, 38, 86, 97, 98, 131, 133]"
instance_0999.npz,164,537,537,683,1,2.7754000038839877,"[4, 31, 58, 60, 81, 91, 98, 114, 128]"
